id,name,generationIndex,direct,descendants,inclusive,root,isolated,seed_only_edges,branch_edges,direct_names,descendant_ids
a-yantao,阿彦涛,2,1,19,20,True,False,18,19,恩绪,chang-baoting;chen-zizhen;dai-zhizhai;en-xu;gao-guiqing;gao-yufeng;guo-kuoquan;guo-rongqi;hua-ziyuan;hui-wanhua;lai-deru;li-dexi;li-dexiang;ma-delu;ma-shouyan;wang-baoshan;xie-ruizhi;yin-shoushan;zhang-dequan
ai-tianyi,艾天意,9,0,0,1,False,False,0,0,,
bai-kainan,白凯南,9,0,0,1,False,False,0,0,,
bai-quanfu,白全福,6,4,4,5,False,False,0,4,房国群;宋勇;杨志刚;张文琪,fang-guoqun;song-yong;yang-zhigang;zhang-wenqi
baishua,白桦,8,0,0,1,True,True,0,0,,
ban-degui,班德贵,6,1,13,14,False,False,1,13,范振钰,cong-bo;fan-zhenyu;gao-feng;guo-boliang;he-shiming;liu-chunshan;ma-tengxiang;peng-hua;teng-shengxiang;wang-chuanlin;yang-junjie;zhang-deqi;zhao-jinsheng
bi-xuexiang,毕学祥,7,0,0,1,False,False,0,0,,
cao-dekui,曹德奎,4,0,0,1,True,True,0,0,,
cao-heyang,曹鹤阳,9,0,0,1,False,False,0,0,,
cao-jiutai,曹九台,9,0,0,1,False,False,0,0,,
cao-shuguang,曹曙光,8,0,0,1,True,True,0,0,,
cao-suifeng,曹随风,9,0,0,1,False,False,0,0,,
cao-yunjin,曹云金,9,0,0,1,False,False,0,0,,
chang-baofeng,常宝丰,6,0,0,1,False,False,0,0,,
chang-baohua,常宝华,6,4,4,5,False,False,2,4,冯翊纲;侯耀华;牛群;宋少卿,feng-yigang;hou-yaohua;niu-qun;song-shaoqing
chang-baokun,常宝堃,6,2,6,7,False,False,6,6,李伯仁;苏文茂,cui-jinquan;li-boren;liu-junjie;song-dequan;su-wenmao;zhao-weizhou
chang-baolin,常宝霖,6,0,0,1,False,False,0,0,,
chang-baoqing,常宝庆,6,0,0,1,False,False,0,0,,
chang-baoting,常宝霆,6,0,0,1,False,False,0,0,,
chang-guide,常贵德,8,0,0,1,True,True,0,0,,
chang-guitian,常贵田,7,0,0,1,False,False,0,0,,
chang-lianan,常连安,5,1,2,3,False,False,2,2,高元钧,gao-yuankun;li-lishan
chang-peiye,常佩业,8,0,0,1,True,True,0,0,,
chen-hanbai,陈寒柏,8,0,0,1,False,False,0,0,,
chen-jiufu,陈九福,9,0,0,1,False,False,0,0,,
chen-jiupin,陈九品,9,0,0,1,False,False,0,0,,
chen-jiutong,陈九桐,9,0,0,1,False,False,0,0,,
chen-qingsheng,陈庆昇,8,0,0,1,False,False,0,0,,
chen-ruizhen,陈瑞珍,9,0,0,1,True,True,0,0,,
chen-shutong,陈树桐,8,0,0,1,True,True,0,0,,
chen-xi,陈曦,8,0,0,1,False,False,0,0,,
chen-xiaohua,陈霄华,9,0,0,1,False,False,0,0,,
chen-xuefu,陈学富,7,0,0,1,False,False,0,0,,
chen-yian,陈逸安,7,2,3,4,True,False,0,3,王振全;叶怡均,wang-zhenquan;wu-siwei;ye-yijun
chen-yongquan,陈涌泉,6,1,1,2,False,False,0,1,陈庆昇,chen-qingsheng
chen-yuting,陈雨亭,5,1,3,4,False,False,3,3,王世臣,li-weijian;liu-hongyi;wang-shichen
chen-zizhen,陈子贞,4,0,0,1,False,False,0,0,,
chi-hexiong,啜鹤雄,9,0,0,1,False,False,0,0,,
chun-changlong,春长隆,3,1,5,6,True,False,5,5,马德禄,chang-baoting;gao-guiqing;guo-rongqi;ma-delu;yin-shoushan
cong-bo,丛波,8,0,0,1,False,False,0,0,,
cui-jinquan,崔金泉,8,0,0,1,False,False,0,0,,
cui-qi,崔琦,7,0,0,1,False,False,0,0,,
da-bing,大兵,9,0,0,1,False,False,0,0,,
da-shan,大山,9,0,0,1,False,False,0,0,,
dai-shaofu,戴少甫,6,0,0,1,False,False,0,0,,
dai-zhicheng,戴志诚,8,0,0,1,False,False,0,0,,
dai-zhizhai,戴致斋,4,0,0,1,False,False,0,0,,
deng-xiaolin,邓小林,8,0,0,1,True,True,0,0,,
ding-guangquan,丁广泉,7,0,0,1,False,False,0,0,,
dong-jiuhan,董九涵,9,0,0,1,False,False,0,0,,
dong-jiuli,董九力,9,0,0,1,False,False,0,0,,
du-helai,杜鹤来,9,0,0,1,False,False,0,0,,
duan-yanxi,段彦希,9,0,0,1,True,True,0,0,,
en-xu,恩绪,3,12,18,19,False,False,17,18,陈子贞;戴致斋;高玉峰;广阔泉;华子元;来德如;李德钖;李德祥;马德禄;王葆山;谢芮芝;张德泉,chang-baoting;chen-zizhen;dai-zhizhai;gao-guiqing;gao-yufeng;guo-kuoquan;guo-rongqi;hua-ziyuan;hui-wanhua;lai-deru;li-dexi;li-dexiang;ma-delu;ma-shouyan;wang-baoshan;xie-ruizhi;yin-shoushan;zhang-dequan
fan-guangyao,樊光耀,8,0,0,1,False,False,0,0,,
fan-jun,范军,8,0,0,1,False,False,0,0,,
fan-ruiting,范瑞亭,4,1,103,104,True,False,16,103,焦寿海,cao-heyang;cao-jiutai;cao-yunjin;chang-guitian;chen-hanbai;chen-jiufu;chen-jiupin;chen-jiutong;chen-xiaohua;chi-hexiong;dai-zhicheng;dong-jiuhan;dong-jiuli;du-helai;fan-xiaoqi;fan-xiaotang;fang-hedi;gao-hecai;gao-hepeng;gao-jiucheng;gao-yingpei;guan-hebai;guan-jiuhai;guo-degang;guo-heming;han-hexiao;han-jiuming;he-jiuhua;he-yunwei;hou-helian;hou-yaowen;ji-hewu;jiao-shouhai;jin-helan;jin-henian;kong-yunlong;lang-heyan;li-boxiang;li-hebiao;li-hedong;li-helin;li-hepu;li-jiuchong;li-jiuchun;li-jiujiang;li-jiutian;li-yunjie;li-yuntian;liang-hekeng;liu-hechun;liu-heqing;liu-heying;liu-jiuren;liu-jiuru;liu-jiusi;luan-hehua;luan-yunping;ma-heqi;mei-jiuliang;meng-hetang;ni-jiutao;ning-yunxiang;qi-hetao;qi-zhi;qin-xiaoxian;shang-jiuxi;shao-bing;su-mingjie;sun-hebao;sun-jiuxiang;tao-yunsheng;wang-hejiang;wang-jiulong;wang-xiaoyi;wu-hechen;yan-hexiang;yan-yunda;yang-heling;yang-hetong;yang-jiulang;yu-hezhen;yu-yunti;yue-yunpeng;zhang-hefan;zhang-hefeng;zhang-hejian;zhang-hejun;zhang-heluan;zhang-helun;zhang-hewen;zhang-jiuchi;zhang-jiulin;zhang-jiuling;zhang-jiunan;zhang-jiutai;zhang-xiaobai;zhang-yunfan;zhang-yunlei;zhao-peiru;zheng-jiulian;zhong-hexuan;zhou-jiuliang;zhu-hesong
fan-xiaoqi,范霄琦,9,0,0,1,False,False,0,0,,
fan-xiaotang,樊霄堂,9,0,0,1,False,False,0,0,,
fan-youyuan,范有缘,3,2,49,50,False,False,25,49,郭瑞林;周德山,ban-degui;chang-baofeng;chang-baohua;chang-baolin;chen-qingsheng;chen-xi;chen-yongquan;cong-bo;fan-zhenyu;fang-xiaowen;feng-yigang;gao-feng;gao-xiaolin;guo-boliang;guo-ruilin;he-shiming;hou-yaohua;hou-yichen;kang-guisheng;li-wenhua;lian-xiaokun;lian-xiuquan;liu-chunshan;ma-sanli;ma-shuchun;ma-tengxiang;miao-fu;niu-qun;peng-hua;ren-xiaohai;song-shaoqing;tan-boru;teng-shengxiang;tong-youwei;wang-benlin;wang-chuanlin;wei-yuancheng;yan-xiaoru;yang-junjie;yin-xiaosheng;yu-baolin;yu-hao;yu-xiaobo;zhang-deqi;zhao-jinsheng;zhao-shizhong;zheng-hongwei;zheng-xiaoshan;zhou-deshan
fan-zhenyu,范振钰,7,12,12,13,False,False,0,12,丛波;高峰;郭伯良;何世铭;刘春山;马腾翔;彭华;腾生祥;王传林;杨俊杰;张德起;赵津生,cong-bo;gao-feng;guo-boliang;he-shiming;liu-chunshan;ma-tengxiang;peng-hua;teng-shengxiang;wang-chuanlin;yang-junjie;zhang-deqi;zhao-jinsheng
fang-guoqun,房国群,7,0,0,1,False,False,0,0,,
fang-hedi,房鹤迪,9,0,0,1,False,False,0,0,,
fang-xiaowen,方笑文,6,0,0,1,False,False,0,0,,
feng-gong,冯巩,8,5,5,6,False,False,0,5,白凯南;曹随风;贾玲;潘斌龙;宋宁,bai-kainan;cao-suifeng;jia-ling;pan-binlong;song-ning
feng-kunzhi,冯崑治,3,3,21,22,True,False,21,21,高德光;高德亮;高德明,bi-xuexiang;chen-xuefu;cui-qi;feng-zhaoyang;gao-deguang;gao-deliang;gao-deming;gao-fengshan;guo-qilin;hou-zhen;lai-baogang;li-shaojie;li-shiru;li-siming;li-xuehong;liang-houmin;liu-xianwei;shi-fuquan;tai-rongjian;yu-qian;zhang-changlai
feng-lizhang,冯立章,6,0,0,1,False,False,0,0,,
feng-yigang,冯翊纲,7,0,0,1,False,False,0,0,,
feng-zhaoyang,冯照洋,9,0,0,1,False,False,0,0,,
fu-di,傅谛,8,0,0,1,False,False,0,0,,
fu-yougen,富有根,3,1,1,2,False,False,1,1,裕德隆,yu-delong
gao-deguang,高德光,4,0,0,1,False,False,0,0,,
gao-deliang,高德亮,5,1,18,19,False,False,18,18,高凤山,bi-xuexiang;chen-xuefu;cui-qi;feng-zhaoyang;gao-fengshan;guo-qilin;hou-zhen;lai-baogang;li-shaojie;li-shiru;li-siming;li-xuehong;liang-houmin;liu-xianwei;shi-fuquan;tai-rongjian;yu-qian;zhang-changlai
gao-deming,高德明,4,0,0,1,False,False,0,0,,
gao-feng,高峰,8,0,0,1,False,False,0,0,,
gao-fengshan,高凤山,6,10,17,18,False,False,17,17,毕学祥;陈学富;崔琦;来宝刚;李少杰;李世儒;李学宏;梁厚民;石富宽;张长来,bi-xuexiang;chen-xuefu;cui-qi;feng-zhaoyang;guo-qilin;hou-zhen;lai-baogang;li-shaojie;li-shiru;li-siming;li-xuehong;liang-houmin;liu-xianwei;shi-fuquan;tai-rongjian;yu-qian;zhang-changlai
gao-guiqing,高桂清,5,0,0,1,False,False,0,0,,
gao-hecai,高鹤彩,9,0,0,1,False,False,0,0,,
gao-hepeng,高鹤鹏,9,0,0,1,False,False,0,0,,
gao-jiucheng,高九成,9,0,0,1,False,False,0,0,,
gao-xiaolin,高笑临,6,0,0,1,False,False,0,0,,
gao-yingpei,高英培,7,1,1,2,False,False,1,1,苏明杰,su-mingjie
gao-yuankun,高元钧,6,1,1,2,False,False,1,1,李立山,li-lishan
gao-yufeng,高玉峰,4,0,0,1,False,False,0,0,,
geng-qiang,耿强,9,0,0,1,True,True,0,0,,
guan-hebai,关鹤柏,9,0,0,1,False,False,0,0,,
guan-jiuhai,关九海,9,0,0,1,False,False,0,0,,
guo-boliang,郭伯良,8,0,0,1,False,False,0,0,,
guo-dan,郭丹,8,0,0,1,True,True,0,0,,
guo-degang,郭德纲,8,92,92,93,False,False,8,92,曹鹤阳;曹九台;曹云金;陈九福;陈九品;陈九桐;陈霄华;啜鹤雄;董九涵;董九力;杜鹤来;范霄琦;樊霄堂;房鹤迪;高鹤彩;高鹤鹏;高九成;关鹤柏;关九海;郭鹤鸣;韩鹤晓;韩九鸣;何九华;何云伟;侯鹤廉;姬鹤武;靳鹤岚;金鹤年;孔云龙;郎鹤炎;李鹤彪;李鹤东;李鹤林;李鹤浦;李九重;李九春;李九江;李九天;李云杰;李云天;梁鹤坤;刘鹤春;刘鹤清;刘鹤英;刘九仁;刘九儒;刘九思;栾鹤华;栾云平;马鹤琪;梅九亮;孟鹤堂;倪九涛;宁云祥;齐鹤涛;秦霄贤;尚九熙;烧饼;孙鹤宝;孙九香;陶云圣;王鹤江;王九龙;王霄颐;吴鹤臣;阎鹤祥;闫云达;杨鹤灵;杨鹤通;杨九郎;于鹤真;于云田;岳云鹏;张鹤帆;张鹤峰;张鹤舰;张鹤君;张鹤栾;张鹤伦;张鹤雯;张九驰;张九林;张九龄;张九南;张九泰;张霄白;张云藩;张云雷;郑九莲;钟鹤轩;周九良;朱鹤松,cao-heyang;cao-jiutai;cao-yunjin;chen-jiufu;chen-jiupin;chen-jiutong;chen-xiaohua;chi-hexiong;dong-jiuhan;dong-jiuli;du-helai;fan-xiaoqi;fan-xiaotang;fang-hedi;gao-hecai;gao-hepeng;gao-jiucheng;guan-hebai;guan-jiuhai;guo-heming;han-hexiao;han-jiuming;he-jiuhua;he-yunwei;hou-helian;ji-hewu;jin-helan;jin-henian;kong-yunlong;lang-heyan;li-hebiao;li-hedong;li-helin;li-hepu;li-jiuchong;li-jiuchun;li-jiujiang;li-jiutian;li-yunjie;li-yuntian;liang-hekeng;liu-hechun;liu-heqing;liu-heying;liu-jiuren;liu-jiuru;liu-jiusi;luan-hehua;luan-yunping;ma-heqi;mei-jiuliang;meng-hetang;ni-jiutao;ning-yunxiang;qi-hetao;qin-xiaoxian;shang-jiuxi;shao-bing;sun-hebao;sun-jiuxiang;tao-yunsheng;wang-hejiang;wang-jiulong;wang-xiaoyi;wu-hechen;yan-hexiang;yan-yunda;yang-heling;yang-hetong;yang-jiulang;yu-hezhen;yu-yunti;yue-yunpeng;zhang-hefan;zhang-hefeng;zhang-hejian;zhang-hejun;zhang-heluan;zhang-helun;zhang-hewen;zhang-jiuchi;zhang-jiulin;zhang-jiuling;zhang-jiunan;zhang-jiutai;zhang-xiaobai;zhang-yunfan;zhang-yunlei;zheng-jiulian;zhong-hexuan;zhou-jiuliang;zhu-hesong
guo-fenyang,郭汾阳,9,0,0,1,True,True,0,0,,
guo-heming,郭鹤鸣,9,0,0,1,False,False,0,0,,
guo-kuoquan,广阔泉,4,0,0,1,False,False,0,0,,
guo-peixin,郭培鑫,8,0,0,1,True,True,0,0,,
guo-qilin,郭麒麟,9,0,0,1,False,False,0,0,,
guo-qiru,郭启儒,5,1,3,4,False,False,3,3,全常保,quan-changbao;wang-sheng;zheng-wenxi
guo-quanbao,郭全宝,6,0,0,1,False,False,0,0,,
guo-rongqi,郭荣起,5,1,1,2,False,False,1,1,常宝霆,chang-baoting
guo-ruilin,郭瑞林,4,2,8,9,False,False,6,8,侯一尘;谭伯如,chang-baolin;chen-qingsheng;chen-xi;chen-yongquan;hou-yichen;kang-guisheng;tan-boru;zhao-shizhong
han-hexiao,韩鹤晓,9,0,0,1,False,False,0,0,,
han-jiuming,韩九鸣,9,0,0,1,False,False,0,0,,
han-lancheng,韩兰成,8,2,2,3,False,False,0,2,范军;于小飞,fan-jun;yu-xiaofei
han-laoda,韩劳达,8,0,0,1,True,True,0,0,,
hao-aimin,郝爱民,7,0,0,1,False,False,0,0,,
he-jiuhua,何九华,9,0,0,1,False,False,0,0,,
he-jun,何军,9,0,0,1,True,True,0,0,,
he-shiming,何世铭,8,0,0,1,False,False,0,0,,
he-yunwei,何云伟,9,0,0,1,False,False,0,0,,
hong-ziyan,洪子晏,9,0,0,1,True,True,0,0,,
hou-baolin,侯宝林,6,8,52,53,False,False,17,52,丁广泉;郝爱民;黄铁良;贾冀光;马季;师胜杰;吴兆南;杨紫阳,ai-tianyi;bai-kainan;cao-suifeng;da-shan;ding-guangquan;fan-guangyao;fan-jun;feng-gong;han-lancheng;hao-aimin;hou-guanqun;huang-hong;huang-jiaqiang;huang-tieliang;ji-qingrong;ji-tianyu;jia-jiguang;jia-ling;jiang-kun;jiang-nan;jin-fei;ju-hao;lang-zuyun;li-ding;li-jing;li-yaoguang;li-yinfei;li-zengrui;liu-erjin;liu-wei;liu-zengkai;ma-ji;pan-binlong;qiao-tianlan;qiu-shengyang;shi-shengjie;shi-tiantian;song-ning;su-weisheng;tang-aiguo;wang-qianxiang;wu-yongfeng;wu-zhaonan;xiao-lin;xu-huimin;yan-guijuan;yang-ziyang;yao-xinguang;ye-peng;yu-xiaofei;yuan-xiaoting;zhao-yan
hou-guannan,侯冠男,8,0,0,1,True,True,0,0,,
hou-guanqun,侯冠群,8,2,2,3,False,False,0,2,吴勇峰;袁晓婷,wu-yongfeng;yuan-xiaoting
hou-helian,侯鹤廉,9,0,0,1,False,False,0,0,,
hou-linlin,侯林林,9,0,0,1,True,True,0,0,,
hou-yaohua,侯耀华,7,0,0,1,False,False,0,0,,
hou-yaowen,侯耀文,7,3,95,96,False,False,10,95,陈寒柏;郭德纲;奇志,cao-heyang;cao-jiutai;cao-yunjin;chen-hanbai;chen-jiufu;chen-jiupin;chen-jiutong;chen-xiaohua;chi-hexiong;dong-jiuhan;dong-jiuli;du-helai;fan-xiaoqi;fan-xiaotang;fang-hedi;gao-hecai;gao-hepeng;gao-jiucheng;guan-hebai;guan-jiuhai;guo-degang;guo-heming;han-hexiao;han-jiuming;he-jiuhua;he-yunwei;hou-helian;ji-hewu;jin-helan;jin-henian;kong-yunlong;lang-heyan;li-hebiao;li-hedong;li-helin;li-hepu;li-jiuchong;li-jiuchun;li-jiujiang;li-jiutian;li-yunjie;li-yuntian;liang-hekeng;liu-hechun;liu-heqing;liu-heying;liu-jiuren;liu-jiuru;liu-jiusi;luan-hehua;luan-yunping;ma-heqi;mei-jiuliang;meng-hetang;ni-jiutao;ning-yunxiang;qi-hetao;qi-zhi;qin-xiaoxian;shang-jiuxi;shao-bing;sun-hebao;sun-jiuxiang;tao-yunsheng;wang-hejiang;wang-jiulong;wang-xiaoyi;wu-hechen;yan-hexiang;yan-yunda;yang-heling;yang-hetong;yang-jiulang;yu-hezhen;yu-yunti;yue-yunpeng;zhang-hefan;zhang-hefeng;zhang-hejian;zhang-hejun;zhang-heluan;zhang-helun;zhang-hewen;zhang-jiuchi;zhang-jiulin;zhang-jiuling;zhang-jiunan;zhang-jiutai;zhang-xiaobai;zhang-yunfan;zhang-yunlei;zheng-jiulian;zhong-hexuan;zhou-jiuliang;zhu-hesong
hou-yichen,侯一尘,5,1,1,2,False,False,1,1,常宝霖,chang-baolin
hou-zhen,侯震,8,0,0,1,False,False,0,0,,
hua-ziyuan,华子元,4,0,0,1,False,False,0,0,,
huang-hong,黄宏,8,0,0,1,False,False,0,0,,
huang-jiaqiang,黄家强,9,0,0,1,False,False,0,0,,
huang-jinzhong,黄金忠,9,0,0,1,True,True,0,0,,
huang-tieliang,黄铁良,7,0,0,1,False,False,0,0,,
huang-yihao,黄逸豪,8,0,0,1,True,True,0,0,,
huang-zhiqiang,黄志强,8,0,0,1,True,True,0,0,,
huang-zumin,黄族民,7,0,0,1,True,True,0,0,,
hui-wanhua,回婉华,6,0,0,1,False,False,0,0,,
ji-hewu,姬鹤武,9,0,0,1,False,False,0,0,,
ji-qingrong,纪庆荣,9,0,0,1,False,False,0,0,,
ji-tianyu,姬天语,9,0,0,1,False,False,0,0,,
ji-yuan,纪元,8,0,0,1,False,False,0,0,,
jia-jiguang,贾冀光,7,0,0,1,False,False,0,0,,
jia-ling,贾玲,9,0,0,1,False,False,0,0,,
jiang-kun,姜昆,8,7,8,9,False,False,0,8,大山;黄家强;句号;邱胜扬;唐爱国;徐惠民;颜贵娟,da-shan;huang-jiaqiang;ju-hao;li-yaoguang;qiu-shengyang;tang-aiguo;xu-huimin;yan-guijuan
jiang-nan,江南,8,0,0,1,False,False,0,0,,
jiao-dehai,焦德海,4,5,93,94,False,False,41,93,常连安;李寿增;于俊波;张寿臣;朱阔泉,ai-tianyi;bai-kainan;bai-quanfu;cao-suifeng;chang-baokun;chang-baoqing;chang-lianan;cui-jinquan;da-shan;dai-shaofu;ding-guangquan;fan-guangyao;fan-jun;fang-guoqun;feng-gong;feng-lizhang;gao-yuankun;guo-quanbao;han-lancheng;hao-aimin;hou-baolin;hou-guanqun;huang-hong;huang-jiaqiang;huang-tieliang;ji-qingrong;ji-tianyu;jia-jiguang;jia-ling;jiang-kun;jiang-nan;jin-fei;ju-hao;kang-liben;lang-zuyun;li-boren;li-ding;li-jing;li-lishan;li-shouzeng;li-yaoguang;li-yinfei;li-zengrui;liu-baorui;liu-erjin;liu-junjie;liu-wei;liu-zengkai;ma-ji;ma-zhiming;pan-binlong;qiao-tianlan;qiu-shengyang;shi-shengjie;shi-tiantian;song-dequan;song-ning;song-yong;su-weisheng;su-wenmao;tang-aiguo;tang-jiezhong;tian-lihe;tong-dafang;wang-fengshan;wang-qianxiang;wang-shutian;wang-wenlin;wu-yongfeng;wu-zhaonan;xiao-lin;xing-wenzhao;xu-huimin;yan-guijuan;yang-zhigang;yang-ziyang;yao-xinguang;ye-dushen;ye-peng;yin-wenshuo;yu-junbo;yu-shide;yu-xiaofei;yuan-peilou;yuan-xiaoting;zhang-shouchen;zhang-wenqi;zhang-wenshun;zhang-zhenqi;zhao-liwu;zhao-weizhou;zhao-yan;zhu-kuoquan
jiao-shouhai,焦寿海,5,1,102,103,False,False,15,102,赵佩茹,cao-heyang;cao-jiutai;cao-yunjin;chang-guitian;chen-hanbai;chen-jiufu;chen-jiupin;chen-jiutong;chen-xiaohua;chi-hexiong;dai-zhicheng;dong-jiuhan;dong-jiuli;du-helai;fan-xiaoqi;fan-xiaotang;fang-hedi;gao-hecai;gao-hepeng;gao-jiucheng;gao-yingpei;guan-hebai;guan-jiuhai;guo-degang;guo-heming;han-hexiao;han-jiuming;he-jiuhua;he-yunwei;hou-helian;hou-yaowen;ji-hewu;jin-helan;jin-henian;kong-yunlong;lang-heyan;li-boxiang;li-hebiao;li-hedong;li-helin;li-hepu;li-jiuchong;li-jiuchun;li-jiujiang;li-jiutian;li-yunjie;li-yuntian;liang-hekeng;liu-hechun;liu-heqing;liu-heying;liu-jiuren;liu-jiuru;liu-jiusi;luan-hehua;luan-yunping;ma-heqi;mei-jiuliang;meng-hetang;ni-jiutao;ning-yunxiang;qi-hetao;qi-zhi;qin-xiaoxian;shang-jiuxi;shao-bing;su-mingjie;sun-hebao;sun-jiuxiang;tao-yunsheng;wang-hejiang;wang-jiulong;wang-xiaoyi;wu-hechen;yan-hexiang;yan-yunda;yang-heling;yang-hetong;yang-jiulang;yu-hezhen;yu-yunti;yue-yunpeng;zhang-hefan;zhang-hefeng;zhang-hejian;zhang-hejun;zhang-heluan;zhang-helun;zhang-hewen;zhang-jiuchi;zhang-jiulin;zhang-jiuling;zhang-jiunan;zhang-jiutai;zhang-xiaobai;zhang-yunfan;zhang-yunlei;zhao-peiru;zheng-jiulian;zhong-hexuan;zhou-jiuliang;zhu-hesong
jin-fei,金霏,9,0,0,1,False,False,0,0,,
jin-helan,靳鹤岚,9,0,0,1,False,False,0,0,,
jin-henian,金鹤年,9,0,0,1,False,False,0,0,,
ju-hao,句号,9,0,0,1,False,False,0,0,,
kang-guisheng,康桂生,7,1,1,2,False,False,0,1,陈曦,chen-xi
kang-liben,康立本,6,0,0,1,False,False,0,0,,
kong-yunlong,孔云龙,9,0,0,1,False,False,0,0,,
lai-baogang,来宝刚,7,0,0,1,False,False,0,0,,
lai-deru,来德如,4,0,0,1,False,False,0,0,,
lang-heyan,郎鹤炎,9,0,0,1,False,False,0,0,,
lang-zuyun,郎祖筠,8,0,0,1,False,False,0,0,,
li-boren,李伯仁,7,0,0,1,False,False,0,0,,
li-boxiang,李伯祥,7,1,1,2,False,False,1,1,戴志诚,dai-zhicheng
li-danan,李道南,8,0,0,1,True,True,0,0,,
li-dexi,李德钖,4,0,0,1,False,False,0,0,,
li-dexiang,李德祥,4,1,2,3,False,False,2,2,马寿岩,hui-wanhua;ma-shouyan
li-ding,李丁,9,0,0,1,False,False,0,0,,
li-guoxiu,李国修,8,0,0,1,True,True,0,0,,
li-hebiao,李鹤彪,9,0,0,1,False,False,0,0,,
li-hedong,李鹤东,9,0,0,1,False,False,0,0,,
li-helin,李鹤林,9,0,0,1,False,False,0,0,,
li-hepu,李鹤浦,9,0,0,1,False,False,0,0,,
li-jindou,李金斗,8,1,1,2,False,False,1,1,大兵,da-bing
li-jing,李菁,8,0,0,1,False,False,0,0,,
li-jiuchong,李九重,9,0,0,1,False,False,0,0,,
li-jiuchun,李九春,9,0,0,1,False,False,0,0,,
li-jiujiang,李九江,9,0,0,1,False,False,0,0,,
li-jiutian,李九天,9,0,0,1,False,False,0,0,,
li-lishan,李立山,7,0,0,1,False,False,0,0,,
li-mingyu,李鸣宇,9,0,0,1,True,True,0,0,,
li-shaojie,李少杰,7,0,0,1,False,False,0,0,,
li-shiru,李世儒,7,0,0,1,False,False,0,0,,
li-shouzeng,李寿增,5,2,2,3,False,False,1,2,王树田;张振圻,wang-shutian;zhang-zhenqi
li-siming,李斯明,9,0,0,1,False,False,0,0,,
li-weijian,李伟建,8,0,0,1,False,False,0,0,,
li-wenhua,李文华,6,0,0,1,False,False,0,0,,
li-xuehong,李学宏,7,0,0,1,False,False,0,0,,
li-yaoguang,李耀光,10,0,0,1,False,False,0,0,,
li-yinfei,李寅飞,9,0,0,1,False,False,0,0,,
li-yunjie,李云杰,9,0,0,1,False,False,0,0,,
li-yuntian,李云天,9,0,0,1,False,False,0,0,,
li-zengrui,李增瑞,8,1,1,2,False,False,1,1,李丁,li-ding
lian-xiaokun,连笑昆,6,0,0,1,False,False,0,0,,
lian-xiuquan,连秀全,5,1,6,7,False,False,2,6,王本林,miao-fu;wang-benlin;wei-yuancheng;yu-hao;zheng-hongwei;zheng-xiaoshan
liang-hekeng,梁鹤坤,9,0,0,1,False,False,0,0,,
liang-houmin,梁厚民,7,0,0,1,False,False,0,0,,
liu-baorui,刘宝瑞,6,4,4,5,False,False,2,4,唐杰忠;王文林;邢文昭;殷文硕,tang-jiezhong;wang-wenlin;xing-wenzhao;yin-wenshuo
liu-chunshan,刘春山,8,0,0,1,False,False,0,0,,
liu-dezhi,刘德智,4,1,4,5,False,False,4,4,郭启儒,guo-qiru;quan-changbao;wang-sheng;zheng-wenxi
liu-erjin,刘尔金,8,0,0,1,False,False,0,0,,
liu-hechun,刘鹤春,9,0,0,1,False,False,0,0,,
liu-heqing,刘鹤清,9,0,0,1,False,False,0,0,,
liu-heying,刘鹤英,9,0,0,1,False,False,0,0,,
liu-hongyi,刘洪沂,7,1,1,2,False,False,1,1,李伟建,li-weijian
liu-hui,刘惠,8,0,0,1,True,True,0,0,,
liu-jiuren,刘九仁,9,0,0,1,False,False,0,0,,
liu-jiuru,刘九儒,9,0,0,1,False,False,0,0,,
liu-jiusi,刘九思,9,0,0,1,False,False,0,0,,
liu-junjie,刘俊杰,8,0,0,1,False,False,0,0,,
liu-kuizhen,刘奎珍,6,0,0,1,True,True,0,0,,
liu-lanting,刘兰亭,7,0,0,1,False,False,0,0,,
liu-lixin,刘立新,8,0,0,1,True,True,0,0,,
liu-quanhe,刘全和,8,0,0,1,True,True,0,0,,
liu-quanli,刘全利,8,0,0,1,True,True,0,0,,
liu-shimin,刘士民,8,0,0,1,True,True,0,0,,
liu-wei,刘伟,8,0,0,1,False,False,0,0,,
liu-xianwei,刘献伟,8,0,0,1,False,False,0,0,,
liu-xiyao,刘喜尧,8,0,0,1,True,True,0,0,,
liu-zengkai,刘增锴,8,4,4,5,False,False,0,4,艾天意;姬天语;乔天蓝;施天天,ai-tianyi;ji-tianyu;qiao-tianlan;shi-tiantian
lu-dejun,卢德俊,4,2,9,10,True,False,9,9,陈雨亭;赵霭如,chen-yuting;da-bing;li-jindou;li-weijian;liu-hongyi;wang-changyou;wang-shichen;zhao-ailu;zhao-zhenduo
lu-fulai,卢福来,7,0,0,1,True,True,0,0,,
lu-ming,陆鸣,8,0,0,1,True,True,0,0,,
lu-xin,卢鑫,10,0,0,1,True,True,0,0,,
luan-hehua,栾鹤华,9,0,0,1,False,False,0,0,,
luan-yunping,栾云平,9,0,0,1,False,False,0,0,,
luo-caiwu,骆采舞,4,0,0,1,True,True,0,0,,
ma-delu,马德禄,4,3,4,5,False,False,4,4,高桂清;郭荣起;尹寿山,chang-baoting;gao-guiqing;guo-rongqi;yin-shoushan
ma-heqi,马鹤琪,9,0,0,1,False,False,0,0,,
ma-ji,马季,7,10,31,32,False,False,10,31,冯巩;韩兰成;黄宏;姜昆;李增瑞;刘伟;王谦祥;笑林;姚新光;赵炎,bai-kainan;cao-suifeng;da-shan;fan-jun;feng-gong;han-lancheng;huang-hong;huang-jiaqiang;ji-qingrong;jia-ling;jiang-kun;jin-fei;ju-hao;li-ding;li-yaoguang;li-yinfei;li-zengrui;liu-wei;pan-binlong;qiu-shengyang;song-ning;su-weisheng;tang-aiguo;wang-qianxiang;xiao-lin;xu-huimin;yan-guijuan;yao-xinguang;ye-peng;yu-xiaofei;zhao-yan
ma-liujia,马六甲,7,0,0,1,True,True,0,0,,
ma-sanli,马三立,5,12,31,32,False,False,14,31,班德贵;常宝丰;常宝华;方笑文;高笑临;李文华;连笑昆;任笑海;阎笑儒;尹笑声;于宝林;于笑波,ban-degui;chang-baofeng;chang-baohua;cong-bo;fan-zhenyu;fang-xiaowen;feng-yigang;gao-feng;gao-xiaolin;guo-boliang;he-shiming;hou-yaohua;li-wenhua;lian-xiaokun;liu-chunshan;ma-shuchun;ma-tengxiang;niu-qun;peng-hua;ren-xiaohai;song-shaoqing;teng-shengxiang;tong-youwei;wang-chuanlin;yan-xiaoru;yang-junjie;yin-xiaosheng;yu-baolin;yu-xiaobo;zhang-deqi;zhao-jinsheng
ma-shouyan,马寿岩,5,1,1,2,False,False,1,1,回婉华,hui-wanhua
ma-shuchun,马树春,8,0,0,1,False,False,0,0,,
ma-tengxiang,马腾翔,8,0,0,1,False,False,0,0,,
ma-zhaozhuang,马兆壮,9,0,0,1,True,True,0,0,,
ma-zhiming,马志明,6,0,0,1,False,False,0,0,,
mei-jiuliang,梅九亮,9,0,0,1,False,False,0,0,,
meng-hetang,孟鹤堂,9,0,0,1,False,False,0,0,,
meng-qinglong,孟庆龙,9,0,0,1,True,True,0,0,,
miao-fu,苗阜,8,0,0,1,False,False,0,0,,
mo-hong,莫宏,9,0,0,1,True,True,0,0,,
ni-jiutao,倪九涛,9,0,0,1,False,False,0,0,,
ni-ming,倪明,8,0,0,1,True,True,0,0,,
ning-yunxiang,宁云祥,9,0,0,1,False,False,0,0,,
niu-qun,牛群,7,0,0,1,False,False,0,0,,
ou-di,欧弟,9,0,0,1,True,True,0,0,,
pan-binlong,潘斌龙,9,0,0,1,False,False,0,0,,
pan-guicai,潘贵才,7,0,0,1,True,True,0,0,,
peng-hua,彭华,8,0,0,1,False,False,0,0,,
peng-ziyi,彭子义,8,0,0,1,True,True,0,0,,
qi-hetao,齐鹤涛,9,0,0,1,False,False,0,0,,
qi-liqiang,齐立强,8,0,0,1,True,True,0,0,,
qi-zhi,奇志,8,0,0,1,False,False,0,0,,
qiao-tianlan,乔天蓝,9,0,0,1,False,False,0,0,,
qin-xiaoxian,秦霄贤,9,0,0,1,False,False,0,0,,
qiu-shengyang,邱胜扬,9,0,0,1,False,False,0,0,,
quan-changbao,全常保,6,1,2,3,False,False,2,2,郑文喜,wang-sheng;zheng-wenxi
ren-xiaohai,任笑海,6,0,0,1,False,False,0,0,,
shang-jiuxi,尚九熙,9,0,0,1,False,False,0,0,,
shao-bing,烧饼,9,0,0,1,False,False,0,0,,
shen-chunhe,沈春和,2,0,0,1,True,True,0,0,,
shen-zhushan,沈竹善,3,0,0,1,True,True,0,0,,
shi-fuquan,石富宽,7,3,7,8,False,False,7,7,侯震;刘献伟;于谦,feng-zhaoyang;guo-qilin;hou-zhen;li-siming;liu-xianwei;tai-rongjian;yu-qian
shi-shengjie,师胜杰,7,1,1,2,False,False,1,1,李菁,li-jing
shi-tiantian,施天天,9,0,0,1,False,False,0,0,,
song-dequan,宋德全,8,0,0,1,False,False,0,0,,
song-minghan,宋明翰,9,0,0,1,True,True,0,0,,
song-ning,宋宁,9,0,0,1,False,False,0,0,,
song-shaoqing,宋少卿,7,0,0,1,False,False,0,0,,
song-yong,宋勇,7,0,0,1,False,False,0,0,,
su-mingjie,苏明杰,8,0,0,1,False,False,0,0,,
su-weisheng,苏维胜,9,0,0,1,False,False,0,0,,
su-wenmao,苏文茂,7,4,4,5,False,False,4,4,崔金泉;刘俊杰;宋德全;赵伟洲,cui-jinquan;liu-junjie;song-dequan;zhao-weizhou
sun-chen,孙晨,8,0,0,1,True,True,0,0,,
sun-hebao,孙鹤宝,9,0,0,1,False,False,0,0,,
sun-jiuxiang,孙九香,9,0,0,1,False,False,0,0,,
sun-yue,孙越,8,0,0,1,True,True,0,0,,
tai-rongjian,太荣剑,9,0,0,1,False,False,0,0,,
tan-boru,谭伯如,5,2,5,6,False,False,3,5,陈涌泉;赵世忠,chen-qingsheng;chen-xi;chen-yongquan;kang-guisheng;zhao-shizhong
tang-aiguo,唐爱国,8,0,0,1,False,False,0,0,,
tang-jiezhong,唐杰忠,7,0,0,1,False,False,0,0,,
tao-yunsheng,陶云圣,9,0,0,1,False,False,0,0,,
teng-shengxiang,腾生祥,8,0,0,1,False,False,0,0,,
tian-lihe,田立禾,6,0,0,1,False,False,0,0,,
tong-dafang,佟大方,6,1,1,2,False,False,1,1,张文顺,zhang-wenshun
tong-youwei,佟有为,8,0,0,1,False,False,0,0,,
wang-baoshan,王葆山,4,0,0,1,False,False,0,0,,
wang-benlin,王本林,6,1,5,6,False,False,1,5,郑小山,miao-fu;wei-yuancheng;yu-hao;zheng-hongwei;zheng-xiaoshan
wang-changyou,王长友,6,1,3,4,False,False,3,3,赵振铎,da-bing;li-jindou;zhao-zhenduo
wang-chaozheng,王朝正,9,0,0,1,True,True,0,0,,
wang-chuanlin,王传林,8,0,0,1,False,False,0,0,,
wang-fengshan,王凤山,6,0,0,1,False,False,0,0,,
wang-hejiang,王鹤江,9,0,0,1,False,False,0,0,,
wang-jindong,王金东,7,0,0,1,True,True,0,0,,
wang-jiulong,王九龙,9,0,0,1,False,False,0,0,,
wang-peiyuan,王佩元,8,0,0,1,True,True,0,0,,
wang-qianxiang,王谦祥,8,3,3,4,False,False,0,3,金霏;李寅飞;叶蓬,jin-fei;li-yinfei;ye-peng
wang-sheng,王声,8,0,0,1,False,False,0,0,,
wang-shichen,王世臣,6,1,2,3,False,False,2,2,刘洪沂,li-weijian;liu-hongyi
wang-shutian,王树田,6,0,0,1,False,False,0,0,,
wang-tong,王彤,9,0,0,1,True,True,0,0,,
wang-wenlin,王文林,7,0,0,1,False,False,0,0,,
wang-xiaoyi,王霄颐,9,0,0,1,False,False,0,0,,
wang-yaozong,王耀宗,9,0,0,1,True,True,0,0,,
wang-zhenquan,王振全,8,1,1,2,False,False,0,1,吴思伟,wu-siwei
wei-longhao,魏龙豪,7,1,1,2,True,False,0,1,傅谛,fu-di
wei-wenliang,魏文亮,7,1,1,2,True,False,0,1,朱德刚,zhu-degang
wei-yuancheng,魏元成,8,1,1,2,False,False,0,1,玉浩,yu-hao
wu-hechen,吴鹤臣,9,0,0,1,False,False,0,0,,
wu-siwei,吴思伟,9,0,0,1,False,False,0,0,,
wu-suowei,吴所谓,9,0,0,1,True,True,0,0,,
wu-yinjie,吴胤颉,9,0,0,1,True,True,0,0,,
wu-yongfeng,吴勇峰,9,0,0,1,False,False,0,0,,
wu-zhaonan,吴兆南,7,6,12,13,False,False,0,12,樊光耀;侯冠群;江南;郎祖筠;刘尔金;刘增锴,ai-tianyi;fan-guangyao;hou-guanqun;ji-tianyu;jiang-nan;lang-zuyun;liu-erjin;liu-zengkai;qiao-tianlan;shi-tiantian;wu-yongfeng;yuan-xiaoting
xia-jinhua,夏锦华,8,0,0,1,True,True,0,0,,
xiao-lin,笑林,8,0,0,1,False,False,0,0,,
xiao-long-guo-zihao,小龙,9,0,0,1,True,True,0,0,,
xiao-wenlan,夏文兰,8,0,0,1,True,True,0,0,,
xie-ruizhi,谢芮芝,4,0,0,1,False,False,0,0,,
xie-xiaoling,谢小玲,8,0,0,1,True,True,0,0,,
xing-wenzhao,邢文昭,7,0,0,1,False,False,0,0,,
xing-yingying,邢瑛瑛,8,0,0,1,True,True,0,0,,
xu-huimin,徐惠民,9,1,1,2,False,False,0,1,李耀光,li-yaoguang
xu-wen,徐文,8,0,0,1,True,True,0,0,,
xu-yong,许勇,8,0,0,1,True,True,0,0,,
xu-youlu,徐有禄,3,2,99,100,False,False,47,99,焦德海;刘德智,ai-tianyi;bai-kainan;bai-quanfu;cao-suifeng;chang-baokun;chang-baoqing;chang-lianan;cui-jinquan;da-shan;dai-shaofu;ding-guangquan;fan-guangyao;fan-jun;fang-guoqun;feng-gong;feng-lizhang;gao-yuankun;guo-qiru;guo-quanbao;han-lancheng;hao-aimin;hou-baolin;hou-guanqun;huang-hong;huang-jiaqiang;huang-tieliang;ji-qingrong;ji-tianyu;jia-jiguang;jia-ling;jiang-kun;jiang-nan;jiao-dehai;jin-fei;ju-hao;kang-liben;lang-zuyun;li-boren;li-ding;li-jing;li-lishan;li-shouzeng;li-yaoguang;li-yinfei;li-zengrui;liu-baorui;liu-dezhi;liu-erjin;liu-junjie;liu-wei;liu-zengkai;ma-ji;ma-zhiming;pan-binlong;qiao-tianlan;qiu-shengyang;quan-changbao;shi-shengjie;shi-tiantian;song-dequan;song-ning;song-yong;su-weisheng;su-wenmao;tang-aiguo;tang-jiezhong;tian-lihe;tong-dafang;wang-fengshan;wang-qianxiang;wang-sheng;wang-shutian;wang-wenlin;wu-yongfeng;wu-zhaonan;xiao-lin;xing-wenzhao;xu-huimin;yan-guijuan;yang-zhigang;yang-ziyang;yao-xinguang;ye-dushen;ye-peng;yin-wenshuo;yu-junbo;yu-shide;yu-xiaofei;yuan-peilou;yuan-xiaoting;zhang-shouchen;zhang-wenqi;zhang-wenshun;zhang-zhenqi;zhao-liwu;zhao-weizhou;zhao-yan;zheng-wenxi;zhu-kuoquan
yan-guijuan,颜贵娟,9,0,0,1,False,False,0,0,,
yan-hexiang,阎鹤祥,9,0,0,1,False,False,0,0,,
yan-xiaoru,阎笑儒,6,0,0,1,False,False,0,0,,
yan-yunda,闫云达,9,0,0,1,False,False,0,0,,
yang-changzai,杨长在,8,0,0,1,True,True,0,0,,
yang-haiquan,杨海荃,6,1,2,3,True,False,0,2,杨振华,ji-yuan;yang-zhenhua
yang-heling,杨鹤灵,9,0,0,1,False,False,0,0,,
yang-hetong,杨鹤通,9,0,0,1,False,False,0,0,,
yang-jiulang,杨九郎,9,0,0,1,False,False,0,0,,
yang-junjie,杨俊杰,8,0,0,1,False,False,0,0,,
yang-shaohua,杨少华,6,0,0,1,True,True,0,0,,
yang-shaokui,杨少奎,6,1,1,2,True,False,0,1,刘兰亭,liu-lanting
yang-shibin,杨世彬,8,0,0,1,True,True,0,0,,
yang-yi,杨议,8,0,0,1,True,True,0,0,,
yang-zhenhua,杨振华,7,1,1,2,False,False,0,1,纪元,ji-yuan
yang-zhigang,杨志刚,7,0,0,1,False,False,0,0,,
yang-ziyang,杨紫阳,7,0,0,1,False,False,0,0,,
yao-xinguang,姚新光,8,2,2,3,False,False,0,2,纪庆荣;苏维胜,ji-qingrong;su-weisheng
ye-dushen,叶笃慎,6,0,0,1,False,False,0,0,,
ye-peng,叶蓬,9,0,0,1,False,False,0,0,,
ye-yijun,叶怡均,8,0,0,1,False,False,0,0,,
yin-shoushan,尹寿山,5,0,0,1,False,False,0,0,,
yin-wenshuo,殷文硕,7,0,0,1,False,False,0,0,,
yin-xiaosheng,尹笑声,6,0,0,1,False,False,0,0,,
yin-zhuolin,尹卓林,8,0,0,1,True,True,0,0,,
yu-baolin,于宝林,7,2,2,3,False,False,0,2,马树春;佟有为,ma-shuchun;tong-youwei
yu-delong,裕德隆,4,0,0,1,False,False,0,0,,
yu-hao,玉浩,9,0,0,1,False,False,0,0,,
yu-hezhen,于鹤真,9,0,0,1,False,False,0,0,,
yu-junbo,于俊波,5,2,6,7,False,False,1,6,白全福;郭全宝,bai-quanfu;fang-guoqun;guo-quanbao;song-yong;yang-zhigang;zhang-wenqi
yu-kezhi,于克志,7,0,0,1,True,True,0,0,,
yu-qian,于谦,8,4,4,5,False,False,4,4,冯照洋;郭麒麟;李斯明;太荣剑,feng-zhaoyang;guo-qilin;li-siming;tai-rongjian
yu-shide,于世德,6,0,0,1,False,False,0,0,,
yu-xiaobo,于笑波,6,0,0,1,False,False,0,0,,
yu-xiaofei,于小飞,8,0,0,1,False,False,0,0,,
yu-yunti,于云田,9,0,0,1,False,False,0,0,,
yu-yunting,于云霆,9,0,0,1,True,True,0,0,,
yu-zhiyong,于志勇,8,0,0,1,True,True,0,0,,
yuan-peilou,袁佩楼,6,0,0,1,False,False,0,0,,
yuan-xiaoting,袁晓婷,9,0,0,1,False,False,0,0,,
yue-yunpeng,岳云鹏,9,0,0,1,False,False,0,0,,
zhang-bin,张斌,9,0,0,1,True,True,0,0,,
zhang-changlai,张长来,7,0,0,1,False,False,0,0,,
zhang-deqi,张德起,8,0,0,1,False,False,0,0,,
zhang-dequan,张德泉,4,0,0,1,False,False,0,0,,
zhang-fengyan,张峰岩,9,0,0,1,True,True,0,0,,
zhang-hefan,张鹤帆,9,0,0,1,False,False,0,0,,
zhang-hefeng,张鹤峰,9,0,0,1,False,False,0,0,,
zhang-hejian,张鹤舰,9,0,0,1,False,False,0,0,,
zhang-hejun,张鹤君,9,0,0,1,False,False,0,0,,
zhang-heluan,张鹤栾,9,0,0,1,False,False,0,0,,
zhang-helun,张鹤伦,9,0,0,1,False,False,0,0,,
zhang-hewen,张鹤雯,9,0,0,1,False,False,0,0,,
zhang-jiuchi,张九驰,9,0,0,1,False,False,0,0,,
zhang-jiulin,张九林,9,0,0,1,False,False,0,0,,
zhang-jiuling,张九龄,9,0,0,1,False,False,0,0,,
zhang-jiunan,张九南,9,0,0,1,False,False,0,0,,
zhang-jiutai,张九泰,9,0,0,1,False,False,0,0,,
zhang-kang,张康,9,0,0,1,True,True,0,0,,
zhang-qing,张庆,8,0,0,1,True,True,0,0,,
zhang-sanlu,张三禄,1,0,0,1,True,True,0,0,,
zhang-shouchen,张寿臣,5,12,23,24,False,False,13,23,常宝堃;常宝庆;戴少甫;冯立章;康立本;刘宝瑞;田立禾;佟大方;叶笃慎;于世德;袁佩楼;赵立梧,chang-baokun;chang-baoqing;cui-jinquan;dai-shaofu;feng-lizhang;kang-liben;li-boren;liu-baorui;liu-junjie;song-dequan;su-wenmao;tang-jiezhong;tian-lihe;tong-dafang;wang-wenlin;xing-wenzhao;ye-dushen;yin-wenshuo;yu-shide;yuan-peilou;zhang-wenshun;zhao-liwu;zhao-weizhou
zhang-wenfu,张文甫,7,0,0,1,True,True,0,0,,
zhang-wenqi,张文琪,7,0,0,1,False,False,0,0,,
zhang-wenshun,张文顺,7,0,0,1,False,False,0,0,,
zhang-xiaobai,张霄白,9,0,0,1,False,False,0,0,,
zhang-yunfan,张云藩,9,0,0,1,False,False,0,0,,
zhang-yunlei,张云雷,9,0,0,1,False,False,0,0,,
zhang-zhenqi,张振圻,6,0,0,1,False,False,0,0,,
zhao-ailu,赵霭如,5,1,4,5,False,False,4,4,王长友,da-bing;li-jindou;wang-changyou;zhao-zhenduo
zhao-jinsheng,赵津生,8,0,0,1,False,False,0,0,,
zhao-liwu,赵立梧,6,0,0,1,False,False,0,0,,
zhao-longjun,赵龙军,8,0,0,1,True,True,0,0,,
zhao-peiru,赵佩茹,6,4,101,102,False,False,14,101,常贵田;高英培;侯耀文;李伯祥,cao-heyang;cao-jiutai;cao-yunjin;chang-guitian;chen-hanbai;chen-jiufu;chen-jiupin;chen-jiutong;chen-xiaohua;chi-hexiong;dai-zhicheng;dong-jiuhan;dong-jiuli;du-helai;fan-xiaoqi;fan-xiaotang;fang-hedi;gao-hecai;gao-hepeng;gao-jiucheng;gao-yingpei;guan-hebai;guan-jiuhai;guo-degang;guo-heming;han-hexiao;han-jiuming;he-jiuhua;he-yunwei;hou-helian;hou-yaowen;ji-hewu;jin-helan;jin-henian;kong-yunlong;lang-heyan;li-boxiang;li-hebiao;li-hedong;li-helin;li-hepu;li-jiuchong;li-jiuchun;li-jiujiang;li-jiutian;li-yunjie;li-yuntian;liang-hekeng;liu-hechun;liu-heqing;liu-heying;liu-jiuren;liu-jiuru;liu-jiusi;luan-hehua;luan-yunping;ma-heqi;mei-jiuliang;meng-hetang;ni-jiutao;ning-yunxiang;qi-hetao;qi-zhi;qin-xiaoxian;shang-jiuxi;shao-bing;su-mingjie;sun-hebao;sun-jiuxiang;tao-yunsheng;wang-hejiang;wang-jiulong;wang-xiaoyi;wu-hechen;yan-hexiang;yan-yunda;yang-heling;yang-hetong;yang-jiulang;yu-hezhen;yu-yunti;yue-yunpeng;zhang-hefan;zhang-hefeng;zhang-hejian;zhang-hejun;zhang-heluan;zhang-helun;zhang-hewen;zhang-jiuchi;zhang-jiulin;zhang-jiuling;zhang-jiunan;zhang-jiutai;zhang-xiaobai;zhang-yunfan;zhang-yunlei;zheng-jiulian;zhong-hexuan;zhou-jiuliang;zhu-hesong
zhao-shizhong,赵世忠,6,1,2,3,False,False,1,2,康桂生,chen-xi;kang-guisheng
zhao-weiguo,赵卫国,8,0,0,1,True,True,0,0,,
zhao-weizhou,赵伟洲,8,0,0,1,False,False,0,0,,
zhao-yan,赵炎,8,0,0,1,False,False,0,0,,
zhao-zhenduo,赵振铎,7,1,2,3,False,False,2,2,李金斗,da-bing;li-jindou
zheng-hongwei,郑宏伟,8,0,0,1,False,False,0,0,,
zheng-jiulian,郑九莲,9,0,0,1,False,False,0,0,,
zheng-wenxi,郑文喜,7,1,1,2,False,False,1,1,王声,wang-sheng
zheng-xiaoshan,郑小山,7,3,4,5,False,False,1,4,苗阜;魏元成;郑宏伟,miao-fu;wei-yuancheng;yu-hao;zheng-hongwei
zhong-hexuan,钟鹤轩,9,0,0,1,False,False,0,0,,
zhou-deshan,周德山,4,2,39,40,False,False,17,39,连秀全;马三立,ban-degui;chang-baofeng;chang-baohua;cong-bo;fan-zhenyu;fang-xiaowen;feng-yigang;gao-feng;gao-xiaolin;guo-boliang;he-shiming;hou-yaohua;li-wenhua;lian-xiaokun;lian-xiuquan;liu-chunshan;ma-sanli;ma-shuchun;ma-tengxiang;miao-fu;niu-qun;peng-hua;ren-xiaohai;song-shaoqing;teng-shengxiang;tong-youwei;wang-benlin;wang-chuanlin;wei-yuancheng;yan-xiaoru;yang-junjie;yin-xiaosheng;yu-baolin;yu-hao;yu-xiaobo;zhang-deqi;zhao-jinsheng;zheng-hongwei;zheng-xiaoshan
zhou-jiuliang,周九良,9,0,0,1,False,False,0,0,,
zhu-degang,朱德刚,8,0,0,1,False,False,0,0,,
zhu-hesong,朱鹤松,9,0,0,1,False,False,0,0,,
zhu-kuoquan,朱阔泉,5,3,55,56,False,False,19,55,侯宝林;马志明;王凤山,ai-tianyi;bai-kainan;cao-suifeng;da-shan;ding-guangquan;fan-guangyao;fan-jun;feng-gong;han-lancheng;hao-aimin;hou-baolin;hou-guanqun;huang-hong;huang-jiaqiang;huang-tieliang;ji-qingrong;ji-tianyu;jia-jiguang;jia-ling;jiang-kun;jiang-nan;jin-fei;ju-hao;lang-zuyun;li-ding;li-jing;li-yaoguang;li-yinfei;li-zengrui;liu-erjin;liu-wei;liu-zengkai;ma-ji;ma-zhiming;pan-binlong;qiao-tianlan;qiu-shengyang;shi-shengjie;shi-tiantian;song-ning;su-weisheng;tang-aiguo;wang-fengshan;wang-qianxiang;wu-yongfeng;wu-zhaonan;xiao-lin;xu-huimin;yan-guijuan;yang-ziyang;yao-xinguang;ye-peng;yu-xiaofei;yuan-xiaoting;zhao-yan
zhu-shaowen,朱绍文,2,3,152,153,True,False,76,152,范有缘;富有根;徐有禄,ai-tianyi;bai-kainan;bai-quanfu;ban-degui;cao-suifeng;chang-baofeng;chang-baohua;chang-baokun;chang-baolin;chang-baoqing;chang-lianan;chen-qingsheng;chen-xi;chen-yongquan;cong-bo;cui-jinquan;da-shan;dai-shaofu;ding-guangquan;fan-guangyao;fan-jun;fan-youyuan;fan-zhenyu;fang-guoqun;fang-xiaowen;feng-gong;feng-lizhang;feng-yigang;fu-yougen;gao-feng;gao-xiaolin;gao-yuankun;guo-boliang;guo-qiru;guo-quanbao;guo-ruilin;han-lancheng;hao-aimin;he-shiming;hou-baolin;hou-guanqun;hou-yaohua;hou-yichen;huang-hong;huang-jiaqiang;huang-tieliang;ji-qingrong;ji-tianyu;jia-jiguang;jia-ling;jiang-kun;jiang-nan;jiao-dehai;jin-fei;ju-hao;kang-guisheng;kang-liben;lang-zuyun;li-boren;li-ding;li-jing;li-lishan;li-shouzeng;li-wenhua;li-yaoguang;li-yinfei;li-zengrui;lian-xiaokun;lian-xiuquan;liu-baorui;liu-chunshan;liu-dezhi;liu-erjin;liu-junjie;liu-wei;liu-zengkai;ma-ji;ma-sanli;ma-shuchun;ma-tengxiang;ma-zhiming;miao-fu;niu-qun;pan-binlong;peng-hua;qiao-tianlan;qiu-shengyang;quan-changbao;ren-xiaohai;shi-shengjie;shi-tiantian;song-dequan;song-ning;song-shaoqing;song-yong;su-weisheng;su-wenmao;tan-boru;tang-aiguo;tang-jiezhong;teng-shengxiang;tian-lihe;tong-dafang;tong-youwei;wang-benlin;wang-chuanlin;wang-fengshan;wang-qianxiang;wang-sheng;wang-shutian;wang-wenlin;wei-yuancheng;wu-yongfeng;wu-zhaonan;xiao-lin;xing-wenzhao;xu-huimin;xu-youlu;yan-guijuan;yan-xiaoru;yang-junjie;yang-zhigang;yang-ziyang;yao-xinguang;ye-dushen;ye-peng;yin-wenshuo;yin-xiaosheng;yu-baolin;yu-delong;yu-hao;yu-junbo;yu-shide;yu-xiaobo;yu-xiaofei;yuan-peilou;yuan-xiaoting;zhang-deqi;zhang-shouchen;zhang-wenqi;zhang-wenshun;zhang-zhenqi;zhao-jinsheng;zhao-liwu;zhao-shizhong;zhao-weizhou;zhao-yan;zheng-hongwei;zheng-wenxi;zheng-xiaoshan;zhou-deshan;zhu-kuoquan
