id,title,url,publisher,accessed,note
src-sparse-tang-2009,唐杰忠收七徒报道,https://www.chinanews.com/cul/news/2009/08-24/1830809.shtml,扬子晚报／中新网,2026-10-03,已读取报道正文；只录入文中逐名明确的师承，不补未列姓名。
src-sparse-tang-liu-1988,刘全刚回忆拜师唐杰忠,https://ient.ifeng.com/42949788/news.shtml,新京报／凤凰网,2026-10-03,研究员读取本人采访全文，明确刘全刚、李建华、李金祥1988年共同拜师。
src-sparse-cui-2015,崔喜跃太原收徒现场,https://news.sina.cn/2015-03-04/detail-iavxeafs1466793.d.html?wm=3049_0015,山西晚报／新浪,2026-10-03,研究员读取现场报道；当日称14徒，仅逐名列出9人，另5人不补。
src-sparse-zhu-2011,青岛朱琦收三徒,https://www.qingdaonews.com/content/2011-05/30/content_8800906.htm,青岛新闻网,2026-10-03,已读取报道正文；只录入文中逐名明确的师承，不补未列姓名。
src-sparse-shi-2018,师家班采访与弟子名单,https://www.sohu.com/a/270104895_211925,生活报娱乐,2026-10-03,已读取生活报官方账号采访；名单分弟子、义子、学生，本库仅录弟子栏。师胜杰门下刘伟与马季门下刘伟分开。；已读取同一师家班采访；后段明确刘彤门下刘骥，不另当作独立来源。；已读及研究员全文核对同一报道，常远本人回忆2008年11月26日拜师；同一URL不视为独立互证。
src-sparse-li-jing-2006,李菁拜师师胜杰现场,https://ent.sina.com.cn/h/2006-11-26/16571344260.html,新浪娱乐,2026-10-03,已读取报道正文；只录入文中逐名明确的师承，不补未列姓名。
src-sparse-yang-2022,辽宁相声传承回顾,https://epaper.lnd.com.cn/lnrbepaper/pc/con/202202/24/content_144316.html,辽宁日报,2026-10-03,已读取报道正文；只录入文中逐名明确的师承，不补未列姓名。
src-sparse-yin-2022,刘晖回忆尹笑声师门,https://finance.sina.cn/2022-09-06/detail-imqmmtha6118171.d.html?vt=4,天津日报／新浪,2026-10-03,已读取报道正文；只录入文中逐名明确的师承，不补未列姓名。
src-sparse-wei-2019,魏文亮2019收徒仪式,https://www.jiemian.com/article/3040489.html,界面天津／津城文艺,2026-10-03,已读取报道正文；只录入文中逐名明确的师承，不补未列姓名。
src-sparse-chang-2020,常宝丰非遗相声传承与收徒,https://news.enorth.com.cn/system/2020/08/22/050395305.shtml,北方网／津云,2026-10-03,已读取报道正文；只录入文中逐名明确的师承，不补未列姓名。
src-sparse-li-wenshan,悼念文山先生,https://www.guodegang.org/bulletin/one.php?id=16,德云社,2026-10-03,已读取机构讣告全文，明确王世臣弟子；李文山收张德燕并代王世臣收谢金，代拉者不替代正式师父。
src-sparse-sun-shaolin,晨光茶社与孙少林回忆,https://finance.sina.com.cn/jjxw/2022-11-15/doc-imqmmthc4597768.shtml,天津日报／新浪,2026-10-03,已读取报道正文；只录入文中逐名明确的师承，不补未列姓名。
src-sparse-nanjing-2007,张永熙南京收双徒,https://news.sina.com.cn/s/2007-03-25/023011488078s.shtml,现代快报／新浪,2026-10-03,已读取2007年3月25日现场报道。南京支系不因同城或早期传说接入侯一尘门下。
src-sparse-canton-2024,黄俊英粤语相声分享会,https://www.lw.gov.cn/ywdt/tpxw/content/post_9912837.html,广州市荔湾区文联,2026-10-03,已读取报道正文；只录入文中逐名明确的师承，不补未列姓名。
src-sparse-canton-2017,黄俊英从艺65周年演出报道,https://k.sina.cn/article_1497087080_593bbc680340033ty.html,羊城晚报,2026-10-03,已读取2017年7月报道；仅证演员身份。计划8月收徒不等于仪式已完成，未据此添加师徒边。
src-sparse-su-2008,孙福海亲历苏文茂师门,https://news.sohu.com/20080112/n254610217.shtml,天津日报／搜狐,2026-10-03,研究员读取搜索索引关键全文；直接页面解码未成。逐名名单证据，不据此推定日期；苏世杰/苏士杰字形差异待另证。
src-sparse-song-2011,陈印泉拜师宋德全,https://ent.sina.com.cn/m/c/2011-06-12/01053331711.shtml,新浪娱乐,2026-10-03,研究员读取现场报道，2011年6月11日正式拜师，苏文茂见证。
src-sparse-liu-2010,刘俊杰师门展演,https://news.022china.com/2010/05-29/275655_0.html,天津日报／中国网滨海,2026-10-03,研究员读取2010年5月29日报道，逐名列六徒；昨日指展演日，不作为精确拜师日。
src-sparse-tian-2026,田立禾口述报道,https://timeline.sohu.com/news/ODsgjVeI4v,中国新闻周刊／搜狐,2026-10-03,研究员全文读取2026年8月21日稿；明确耿伯扬、赵广山，曹云金仅开蒙不设拜师边。
src-sparse-tian-2016,田立禾2016收徒活动记录,https://history.xikao.com/event/13863,梨园百年琐记,2026-10-03,研究员全文读取同期活动记录，2016年7月6日更新；未提供原媒体链接，属中等级活动记录，不冒充官方现场报道。
src-sparse-wei-luo-2025,罗峰回忆相声和快板双门,https://epaper.tianjinwe.com/tjrb/html/2025-10/14/content_143094_2710939.htm,天津日报,2026-10-03,研究员全文读取罗峰本人口述；相声魏文亮、快板张志宽分别处理。
src-sparse-wei-li-2005,李孟遥天津相声交流,https://ent.sina.com.cn/h/2005-03-02/1734667172.html,新华社／东方网／新浪,2026-10-03,研究员读取搜索索引关键正文；直接打开未成。明确李孟遥原名李红、师魏文亮，刊发日非拜师日。
src-sparse-wei-2024,魏文亮2024收徒仪式,https://ent.enorth.com.cn/system/2024/10/16/057755807.shtml,中新网／北方网,2026-10-03,研究员读取完整搜索正文，直接打开未成；逐名明确2024年10月12日天津迎宾馆仪式。
src-sparse-wei-interview,魏文亮本人专访,https://k.sina.cn/article_1210154912_48217fa002001h86h.html?from=ent&subch=oent,郑捕头访谈／新浪,2026-10-03,研究员全文读取2019年采访、2021年1月18日发表；受访者明确张文斌正式拜师、武魁海第二位老师。精确首拜年份未知。
src-sparse-ma-xiaochuan-2019,天津相声非遗传承介绍,https://m.thepaper.cn/newsDetail_forward_4209176,天津文旅／澎湃新闻,2026-10-03,研究员读取2019年8月20日文旅机构稿，明确马小川门下张庆柏。
src-sparse-li-jing-2012,李菁收徒张天雷郭天翼,https://yule.sohu.com/20120105/n331285307.shtml,搜狐娱乐,2026-10-03,研究员读取收徒报道，明确两徒，不推定未核验日期。
src-sparse-yang-2020,辽宁日报相声传承报道,https://epaper.lnd.com.cn/lnrbepaper/pc/att/202003/10/e17e5fda-bca5-4bae-8bbc-4dd8d141cf8d.pdf,辽宁日报,2026-10-03,研究员读取2020年3月10日第10版；逐名确认，不将2017年仪式日期统一填入全部人物。王乐天后续清门报道尚需独立核对。
src-sparse-yang-dai,盛京小媄师门报道,https://epaper.lnd.com.cn/lnrbepaper/pad/con/202009/18/content_86353.html,辽宁日报,2026-10-03,研究员读取地方报报道，明确戴向艺名盛京小媄。
src-sparse-yang-guan,关浩勇师门报道,https://epaper.lnd.com.cn/lswbepaper/pc/att/201912/11/a1b92516-77b5-4e96-a1fe-95f0026d071f.pdf,辽沈晚报,2026-10-03,研究员读取2019年12月11日PDF报道，明确关浩勇师承。
src-sparse-yang-li,李大平师門报道,https://epaper.lnd.com.cn/lnrbepaper/pc/att/202103/02/d8b39ab9-249c-433d-998e-024822406ebd.pdf,辽宁日报,2026-10-03,研究员读取2021年3月2日PDF报道，明确李大平师承。
src-sparse-liu-baorui-2015,纪念刘宝瑞诞辰百年演出,https://culture.people.com.cn/n/2015/1115/c172318-27817147.html,北京晚报／人民网,2026-10-03,研究员读取纪念报道，明确韩德江、寇庚儒、高洪顺师承；本机复开超时。
src-sparse-su-culture-2015,苏文茂给相声带来一种文化,https://www.chinawriter.com.cn/2015/2015-05-06/241424.html,中国文化报／中国作家网,2026-10-03,已读取李治邦署名纪念文正文，明确四徒；与2008师门文章分别记为独立报道。
