id,name,sources
bai-yu,白玉,src-sparse-tang-2009
bao-miaoshuai,鲍淼帅,src-sparse-zhu-2011
chang-le,常乐,src-sparse-wei-2024
chang-song,常松,src-sparse-wei-2019
chang-yuan,常远,src-sparse-shi-2018
chen-jianxiong,陈坚雄,src-sparse-canton-2017
chen-qiang,陈强,src-sparse-shi-2018
chen-yinquan,陈印泉,src-sparse-song-2011
cui-minghao,崔鸣晧,src-sparse-chang-2020
cui-xiyue,崔喜跃,src-sparse-tang-2009;src-sparse-cui-2015
dai-xiang,戴向,src-sparse-yang-dai
fan-shuai,樊帅,src-sparse-cui-2015
fan-xing,樊星,src-sparse-cui-2015
feng-hao,冯皓,src-sparse-cui-2015
feng-jingshun,冯景顺,src-sparse-yang-2022
feng-yang,冯阳,src-sparse-liu-2010
fu-lanying,傅兰英,src-sparse-yang-2022
gao-hongshun,高洪顺,src-sparse-liu-baorui-2015
geng-boyang,耿伯扬,src-sparse-tian-2026
gong-hanlin,巩汉林,src-sparse-tang-2009
guan-haoyong,关浩勇,src-sparse-yang-guan
guo-tianyi,郭天翼,src-sparse-li-jing-2012
guo-xin,郭新,src-sparse-su-2008
han-dejiang,韩德江,src-sparse-liu-baorui-2015
han-zhanjun,韩占军,src-sparse-tang-2009
he-baowen,何宝文,src-sparse-canton-2017
he-shucheng,何树成,src-sparse-shi-2018
hou-ailin,侯爱林,src-sparse-cui-2015
hou-jun,侯军,src-sparse-shi-2018
huang-junying,黄俊英,src-sparse-canton-2024
huang-yuncheng,黄蕴成,src-sparse-su-2008
ji-ma,吉马,src-sparse-su-2008
jia-changsong,贾长松,src-sparse-shi-2018
jin-bingchang,金炳昶,src-sparse-yang-2022
kou-gengru,寇庚儒,src-sparse-liu-baorui-2015
kou-yi,寇艺,src-sparse-wei-2019
li-daping,李大平,src-sparse-yang-li
li-jianhua,李建华,src-sparse-tang-2009;src-sparse-tang-liu-1988
li-jinxiang,李金祥,src-sparse-tang-liu-1988
li-mengyao,李孟遥,src-sparse-wei-li-2005
li-wenshan,李文山,src-sparse-li-wenshan
li-yajie,李雅洁,src-sparse-cui-2015
li-ziting,李梓庭,src-sparse-shi-2018
liu-feng,刘峰,src-sparse-cui-2015
liu-hui-yin,刘晖,src-sparse-yin-2022
liu-ji,刘骥,src-sparse-shi-2018
liu-jianzhong,刘建忠,src-sparse-tian-2016
liu-jingui,刘金贵,src-sparse-yang-2020
liu-quangang,刘全刚,src-sparse-tang-liu-1988
liu-tong,刘彤,src-sparse-shi-2018
liu-wei-shi,刘伟（师胜杰弟子）,src-sparse-shi-2018
lu-tong,路彤,src-sparse-zhu-2011
luo-feng,罗峰,src-sparse-wei-luo-2025
lv-shaoming,吕少明,src-sparse-nanjing-2007
ma-jingyuan,马菁原,src-sparse-cui-2015
ma-ke,马克,src-sparse-nanjing-2007
ma-xiaochuan,马小川,src-sparse-chang-2020;src-sparse-ma-xiaochuan-2019
meng-weidong,孟维东,src-sparse-yin-2022
min-tianhao,闵天浩,src-sparse-shi-2018
niu-chenxi,牛晨曦,src-sparse-cui-2015
ruan-hang,阮航,src-sparse-shi-2018
shi-fuxing,史福星,src-sparse-yin-2022
su-shan,苏珊,src-sparse-zhu-2011
su-shijie,苏世杰,src-sparse-su-2008
sun-shaolin,孙少林,src-sparse-sun-shaolin
wang-defang,王德枋,src-sparse-tang-2009
wang-gang,王刚,src-sparse-shi-2018
wang-hai,王海,src-sparse-shi-2018
wang-hao,王皓,src-sparse-chang-2020
wang-letian,王乐天,src-sparse-yang-2020
wang-min,王敏,src-sparse-shi-2018
wang-wei,王伟,src-sparse-wei-2024
wang-xiangming,王香茗,src-sparse-yin-2022
wang-xingfu,王幸福,src-sparse-tian-2016
wang-ying,王迎,src-sparse-liu-2010
wang-youru,王友儒,src-sparse-liu-2010
wang-zhengxin,王铮鑫,src-sparse-liu-2010
wang-zhitao,王志涛,src-sparse-yang-2022
wei-chuanliang,魏传良,src-sparse-yang-2020
wei-zhenbai,魏真柏,src-sparse-tang-2009
wu-fuxing,武福星,src-sparse-su-2008;src-sparse-su-culture-2015
wu-kuihai,武魁海,src-sparse-wei-interview
xiao-dong,肖栋,src-sparse-tian-2016
xie-jin,谢金,src-sparse-li-wenshan
xu-jian,许健,src-sparse-liu-2010
xu-jinjiang,徐锦江,src-sparse-tang-2009
xu-tao,徐涛,src-sparse-shi-2018
yang-da,杨达,src-sparse-canton-2024
yang-guibao,杨桂宝,src-sparse-nanjing-2007
yang-shu,杨树,src-sparse-chang-2020
yang-wei,杨威,src-sparse-yin-2022
yang-yuhai,杨钰海,src-sparse-wei-2019
yu-baodong,禹宝东,src-sparse-tang-2009
zhang-chong,张冲,src-sparse-shi-2018
zhang-deyan,张德燕,src-sparse-li-wenshan
zhang-fu,张福,src-sparse-liu-2010
zhang-jianhong,张建宏,src-sparse-shi-2018
zhang-lianzhi,张连志,src-sparse-wei-2024
zhang-nailin,张乃林,src-sparse-yin-2022
zhang-qingbai,张庆柏,src-sparse-ma-xiaochuan-2019
zhang-songyang,张颂阳,src-sparse-chang-2020
zhang-tianlei,张天雷,src-sparse-li-jing-2012
zhang-wenbin,张文斌,src-sparse-wei-interview
zhang-yongxi,张永熙,src-sparse-nanjing-2007
zhao-guangshan,赵广山,src-sparse-tian-2026
zhao-yue,赵越,src-sparse-cui-2015
zhao-zhihong,赵志洪,src-sparse-tang-2009
zheng-bin,郑斌,src-sparse-wei-2019
zhou-wei,周巍,src-sparse-shi-2018
zhou-yinjin,周印金,src-sparse-yang-2022
zhu-qi,朱琦,src-sparse-tang-2009;src-sparse-zhu-2011
zou-dejiang,邹德江,src-sparse-shi-2018
