action,mentor,disciple,edge,source,note
新增,唐杰忠,朱琦,tang-jiezhong--zhu-qi,src-sparse-tang-2009,报道确认2009年8月22日七人入唐杰忠门下；徐锦江因拍戏未到现场。关门弟子的称谓存在报道冲突，本库不作唯一认定。
新增,唐杰忠,白玉,tang-jiezhong--bai-yu,src-sparse-tang-2009,报道确认2009年8月22日七人入唐杰忠门下；徐锦江因拍戏未到现场。关门弟子的称谓存在报道冲突，本库不作唯一认定。
新增,唐杰忠,禹宝东,tang-jiezhong--yu-baodong,src-sparse-tang-2009,报道确认2009年8月22日七人入唐杰忠门下；徐锦江因拍戏未到现场。关门弟子的称谓存在报道冲突，本库不作唯一认定。
新增,唐杰忠,王德枋,tang-jiezhong--wang-defang,src-sparse-tang-2009,报道确认2009年8月22日七人入唐杰忠门下；徐锦江因拍戏未到现场。关门弟子的称谓存在报道冲突，本库不作唯一认定。
新增,唐杰忠,徐锦江,tang-jiezhong--xu-jinjiang,src-sparse-tang-2009,报道确认2009年8月22日七人入唐杰忠门下；徐锦江因拍戏未到现场。关门弟子的称谓存在报道冲突，本库不作唯一认定。
新增,唐杰忠,赵志洪,tang-jiezhong--zhao-zhihong,src-sparse-tang-2009,报道确认2009年8月22日七人入唐杰忠门下；徐锦江因拍戏未到现场。关门弟子的称谓存在报道冲突，本库不作唯一认定。
新增,唐杰忠,韩占军,tang-jiezhong--han-zhanjun,src-sparse-tang-2009,报道确认2009年8月22日七人入唐杰忠门下；徐锦江因拍戏未到现场。关门弟子的称谓存在报道冲突，本库不作唯一认定。
新增,唐杰忠,李建华,tang-jiezhong--li-jianhua,src-sparse-tang-2009,报道明确为唐杰忠此前弟子；不据报道日期推定拜师年。
新增,唐杰忠,巩汉林,tang-jiezhong--gong-hanlin,src-sparse-tang-2009,报道明确为唐杰忠此前弟子；不据报道日期推定拜师年。
新增,唐杰忠,崔喜跃,tang-jiezhong--cui-xiyue,src-sparse-tang-2009,报道明确为唐杰忠此前弟子；不据报道日期推定拜师年。
新增,唐杰忠,魏真柏,tang-jiezhong--wei-zhenbai,src-sparse-tang-2009,报道明确为唐杰忠此前弟子；不据报道日期推定拜师年。
新增,唐杰忠,刘全刚,tang-jiezhong--liu-quangang,src-sparse-tang-liu-1988,刘全刚本人采访回忆1988年三人共同拜唐杰忠为师；没有精确月日。
补证,唐杰忠,李建华,tang-jiezhong--li-jianhua,src-sparse-tang-liu-1988,刘全刚本人采访回忆1988年三人共同拜唐杰忠为师；没有精确月日。
新增,唐杰忠,李金祥,tang-jiezhong--li-jinxiang,src-sparse-tang-liu-1988,刘全刚本人采访回忆1988年三人共同拜唐杰忠为师；没有精确月日。
新增,崔喜跃,马菁原,cui-xiyue--ma-jingyuan,src-sparse-cui-2015,山西晚报记2015年3月3日太原收徒仪式，报道逐名确认；未列出的其余弟子不补。
新增,崔喜跃,牛晨曦,cui-xiyue--niu-chenxi,src-sparse-cui-2015,山西晚报记2015年3月3日太原收徒仪式，报道逐名确认；未列出的其余弟子不补。
新增,崔喜跃,樊星,cui-xiyue--fan-xing,src-sparse-cui-2015,山西晚报记2015年3月3日太原收徒仪式，报道逐名确认；未列出的其余弟子不补。
新增,崔喜跃,樊帅,cui-xiyue--fan-shuai,src-sparse-cui-2015,山西晚报记2015年3月3日太原收徒仪式，报道逐名确认；未列出的其余弟子不补。
新增,崔喜跃,赵越,cui-xiyue--zhao-yue,src-sparse-cui-2015,山西晚报记2015年3月3日太原收徒仪式，报道逐名确认；未列出的其余弟子不补。
新增,崔喜跃,刘峰,cui-xiyue--liu-feng,src-sparse-cui-2015,山西晚报记2015年3月3日太原收徒仪式，报道逐名确认；未列出的其余弟子不补。
新增,崔喜跃,侯爱林,cui-xiyue--hou-ailin,src-sparse-cui-2015,山西晚报记2015年3月3日太原收徒仪式，报道逐名确认；未列出的其余弟子不补。
新增,崔喜跃,冯皓,cui-xiyue--feng-hao,src-sparse-cui-2015,山西晚报记2015年3月3日太原收徒仪式，报道逐名确认；未列出的其余弟子不补。
新增,崔喜跃,李雅洁,cui-xiyue--li-yajie,src-sparse-cui-2015,山西晚报记2015年3月3日太原收徒仪式，报道逐名确认；未列出的其余弟子不补。
新增,朱琦,鲍淼帅,zhu-qi--bao-miaoshuai,src-sparse-zhu-2011,2011年5月27日青岛拜师仪式，唐杰忠发来贺电。
新增,朱琦,路彤,zhu-qi--lu-tong,src-sparse-zhu-2011,2011年5月27日青岛拜师仪式，唐杰忠发来贺电。
新增,朱琦,苏珊,zhu-qi--su-shan,src-sparse-zhu-2011,2011年5月27日青岛拜师仪式，唐杰忠发来贺电。
新增,师胜杰,刘彤,shi-shengjie--liu-tong,src-sparse-shi-2018,生活报2018年师家班采访明确列为师胜杰弟子；义子、学生不转换为正式师承。
新增,师胜杰,邹德江,shi-shengjie--zou-dejiang,src-sparse-shi-2018,生活报2018年师家班采访明确列为师胜杰弟子；义子、学生不转换为正式师承。
新增,师胜杰,王敏,shi-shengjie--wang-min,src-sparse-shi-2018,生活报2018年师家班采访明确列为师胜杰弟子；义子、学生不转换为正式师承。
新增,师胜杰,王刚,shi-shengjie--wang-gang,src-sparse-shi-2018,生活报2018年师家班采访明确列为师胜杰弟子；义子、学生不转换为正式师承。
新增,师胜杰,阮航,shi-shengjie--ruan-hang,src-sparse-shi-2018,生活报2018年师家班采访明确列为师胜杰弟子；义子、学生不转换为正式师承。
新增,师胜杰,侯军,shi-shengjie--hou-jun,src-sparse-shi-2018,生活报2018年师家班采访明确列为师胜杰弟子；义子、学生不转换为正式师承。
新增,师胜杰,陈强,shi-shengjie--chen-qiang,src-sparse-shi-2018,生活报2018年师家班采访明确列为师胜杰弟子；义子、学生不转换为正式师承。
新增,师胜杰,刘伟（师胜杰弟子）,shi-shengjie--liu-wei-shi,src-sparse-shi-2018,生活报2018年师家班采访明确列为师胜杰弟子；义子、学生不转换为正式师承。
新增,师胜杰,王海,shi-shengjie--wang-hai,src-sparse-shi-2018,生活报2018年师家班采访明确列为师胜杰弟子；义子、学生不转换为正式师承。
新增,师胜杰,张冲,shi-shengjie--zhang-chong,src-sparse-shi-2018,生活报2018年师家班采访明确列为师胜杰弟子；义子、学生不转换为正式师承。
新增,师胜杰,何树成,shi-shengjie--he-shucheng,src-sparse-shi-2018,生活报2018年师家班采访明确列为师胜杰弟子；义子、学生不转换为正式师承。
新增,师胜杰,周巍,shi-shengjie--zhou-wei,src-sparse-shi-2018,生活报2018年师家班采访明确列为师胜杰弟子；义子、学生不转换为正式师承。
补证,师胜杰,李菁,shi-shengjie--li-jing,src-sparse-shi-2018,生活报2018年师家班采访明确列为师胜杰弟子；义子、学生不转换为正式师承。
新增,师胜杰,常远,shi-shengjie--chang-yuan,src-sparse-shi-2018,生活报2018年师家班采访明确列为师胜杰弟子；义子、学生不转换为正式师承。
新增,师胜杰,闵天浩,shi-shengjie--min-tianhao,src-sparse-shi-2018,生活报2018年师家班采访明确列为师胜杰弟子；义子、学生不转换为正式师承。
新增,师胜杰,贾长松,shi-shengjie--jia-changsong,src-sparse-shi-2018,生活报2018年师家班采访明确列为师胜杰弟子；义子、学生不转换为正式师承。
新增,师胜杰,李梓庭,shi-shengjie--li-ziting,src-sparse-shi-2018,生活报2018年师家班采访明确列为师胜杰弟子；义子、学生不转换为正式师承。
新增,师胜杰,张建宏,shi-shengjie--zhang-jianhong,src-sparse-shi-2018,生活报2018年师家班采访明确列为师胜杰弟子；义子、学生不转换为正式师承。
新增,师胜杰,徐涛,shi-shengjie--xu-tao,src-sparse-shi-2018,生活报2018年师家班采访明确列为师胜杰弟子；义子、学生不转换为正式师承。
补证,师胜杰,李菁,shi-shengjie--li-jing,src-sparse-li-jing-2006,2006年11月26日正式拜入师胜杰相声门；梁厚民为此前快板老师，不混为相声本师。
新增,杨海荃,傅兰英,yang-haiquan--fu-lanying,src-sparse-yang-2022,辽宁日报逐名列为杨海荃弟子；金炳昶与杨振华为搭档，同师门而非上下师承。
新增,杨海荃,周印金,yang-haiquan--zhou-yinjin,src-sparse-yang-2022,辽宁日报逐名列为杨海荃弟子；金炳昶与杨振华为搭档，同师门而非上下师承。
新增,杨海荃,金炳昶,yang-haiquan--jin-bingchang,src-sparse-yang-2022,辽宁日报逐名列为杨海荃弟子；金炳昶与杨振华为搭档，同师门而非上下师承。
新增,杨海荃,冯景顺,yang-haiquan--feng-jingshun,src-sparse-yang-2022,辽宁日报逐名列为杨海荃弟子；金炳昶与杨振华为搭档，同师门而非上下师承。
新增,杨海荃,王志涛,yang-haiquan--wang-zhitao,src-sparse-yang-2022,辽宁日报逐名列为杨海荃弟子；金炳昶与杨振华为搭档，同师门而非上下师承。
补证,杨海荃,杨振华,yang-haiquan--yang-zhenhua,src-sparse-yang-2022,辽宁日报逐名列为杨海荃弟子；金炳昶与杨振华为搭档，同师门而非上下师承。
新增,尹笑声,史福星,yin-xiaosheng--shi-fuxing,src-sparse-yin-2022,刘晖本人口述逐名列出六位弟子；刘晖由张乃林代师收徒，有引保代仪式，精确日期未公布。
新增,尹笑声,杨威,yin-xiaosheng--yang-wei,src-sparse-yin-2022,刘晖本人口述逐名列出六位弟子；刘晖由张乃林代师收徒，有引保代仪式，精确日期未公布。
新增,尹笑声,王香茗,yin-xiaosheng--wang-xiangming,src-sparse-yin-2022,刘晖本人口述逐名列出六位弟子；刘晖由张乃林代师收徒，有引保代仪式，精确日期未公布。
新增,尹笑声,孟维东,yin-xiaosheng--meng-weidong,src-sparse-yin-2022,刘晖本人口述逐名列出六位弟子；刘晖由张乃林代师收徒，有引保代仪式，精确日期未公布。
新增,尹笑声,张乃林,yin-xiaosheng--zhang-nailin,src-sparse-yin-2022,刘晖本人口述逐名列出六位弟子；刘晖由张乃林代师收徒，有引保代仪式，精确日期未公布。
新增,尹笑声,刘晖,yin-xiaosheng--liu-hui-yin,src-sparse-yin-2022,刘晖本人口述逐名列出六位弟子；刘晖由张乃林代师收徒，有引保代仪式，精确日期未公布。
新增,魏文亮,寇艺,wei-wenliang--kou-yi,src-sparse-wei-2019,2019年4月14日正式拜师仪式，报道明确相声门引保代，不把仪式见证人作为额外师父。
新增,魏文亮,杨钰海,wei-wenliang--yang-yuhai,src-sparse-wei-2019,2019年4月14日正式拜师仪式，报道明确相声门引保代，不把仪式见证人作为额外师父。
新增,魏文亮,常松,wei-wenliang--chang-song,src-sparse-wei-2019,2019年4月14日正式拜师仪式，报道明确相声门引保代，不把仪式见证人作为额外师父。
新增,魏文亮,郑斌,wei-wenliang--zheng-bin,src-sparse-wei-2019,2019年4月14日正式拜师仪式，报道明确相声门引保代，不把仪式见证人作为额外师父。
新增,常宝丰,马小川,chang-baofeng--ma-xiaochuan,src-sparse-chang-2020,报道明确马小川、杨树此前为入室弟子；张颂阳于2020年8月22日拜师。
新增,常宝丰,杨树,chang-baofeng--yang-shu,src-sparse-chang-2020,报道明确马小川、杨树此前为入室弟子；张颂阳于2020年8月22日拜师。
新增,常宝丰,张颂阳,chang-baofeng--zhang-songyang,src-sparse-chang-2020,报道明确马小川、杨树此前为入室弟子；张颂阳于2020年8月22日拜师。
新增,张颂阳,王皓,zhang-songyang--wang-hao,src-sparse-chang-2020,2020年8月22日同一仪式中张颂阳收徒；姓名采用现场报道字形。
新增,张颂阳,崔鸣晧,zhang-songyang--cui-minghao,src-sparse-chang-2020,2020年8月22日同一仪式中张颂阳收徒；姓名采用现场报道字形。
新增,王世臣,李文山,wang-shichen--li-wenshan,src-sparse-li-wenshan,德云社讣告明确王世臣弟子，未给其拜师日期。
新增,李文山,张德燕,li-wenshan--zhang-deyan,src-sparse-li-wenshan,2009年12月10日北京民族宫大剧院拜师李文山。
新增,王世臣,谢金,wang-shichen--xie-jin,src-sparse-li-wenshan,2009年12月10日由李文山代王世臣收徒，为李文山师弟；不建立李文山→谢金正式本师边。
新增,李寿增,孙少林,li-shouzeng--sun-shaolin,src-sparse-sun-shaolin,王文玉回忆明确上世纪40年代李寿增与徒弟孙少林赴济南演出；不推定拜师年份。
新增,张永熙,吕少明,zhang-yongxi--lv-shaoming,src-sparse-nanjing-2007,吕少明为此前弟子，2007年3月24日代师拉杨桂宝、马克入张永熙门下；不建立吕少明→两位师弟正式边。
新增,张永熙,杨桂宝,zhang-yongxi--yang-guibao,src-sparse-nanjing-2007,吕少明为此前弟子，2007年3月24日代师拉杨桂宝、马克入张永熙门下；不建立吕少明→两位师弟正式边。
新增,张永熙,马克,zhang-yongxi--ma-ke,src-sparse-nanjing-2007,吕少明为此前弟子，2007年3月24日代师拉杨桂宝、马克入张永熙门下；不建立吕少明→两位师弟正式边。
补证,苏文茂,赵伟洲,su-wenmao--zhao-weizhou,src-sparse-su-2008,天津日报孙福海亲历文逐名列为苏文茂弟子；苏世杰字形按该文，未与其他写法节点擅自合并。
新增,苏文茂,武福星,su-wenmao--wu-fuxing,src-sparse-su-2008,天津日报孙福海亲历文逐名列为苏文茂弟子；苏世杰字形按该文，未与其他写法节点擅自合并。
新增,苏文茂,郭新,su-wenmao--guo-xin,src-sparse-su-2008,天津日报孙福海亲历文逐名列为苏文茂弟子；苏世杰字形按该文，未与其他写法节点擅自合并。
新增,苏文茂,吉马,su-wenmao--ji-ma,src-sparse-su-2008,天津日报孙福海亲历文逐名列为苏文茂弟子；苏世杰字形按该文，未与其他写法节点擅自合并。
补证,苏文茂,刘俊杰,su-wenmao--liu-junjie,src-sparse-su-2008,天津日报孙福海亲历文逐名列为苏文茂弟子；苏世杰字形按该文，未与其他写法节点擅自合并。
新增,苏文茂,黄蕴成,su-wenmao--huang-yuncheng,src-sparse-su-2008,天津日报孙福海亲历文逐名列为苏文茂弟子；苏世杰字形按该文，未与其他写法节点擅自合并。
新增,苏文茂,苏世杰,su-wenmao--su-shijie,src-sparse-su-2008,天津日报孙福海亲历文逐名列为苏文茂弟子；苏世杰字形按该文，未与其他写法节点擅自合并。
补证,苏文茂,崔金泉,su-wenmao--cui-jinquan,src-sparse-su-2008,天津日报孙福海亲历文逐名列为苏文茂弟子；苏世杰字形按该文，未与其他写法节点擅自合并。
补证,苏文茂,宋德全,su-wenmao--song-dequan,src-sparse-su-2008,天津日报孙福海亲历文逐名列为苏文茂弟子；苏世杰字形按该文，未与其他写法节点擅自合并。
新增,宋德全,陈印泉,song-dequan--chen-yinquan,src-sparse-song-2011,2011年6月11日正式拜师宋德全，苏文茂见证。
新增,刘俊杰,许健,liu-junjie--xu-jian,src-sparse-liu-2010,报道确认刘俊杰弟子；2010年5月28日为展演日，不硬定拜师日期。王友儒字形按该报道，王友如写法待另证。
新增,刘俊杰,冯阳,liu-junjie--feng-yang,src-sparse-liu-2010,报道确认刘俊杰弟子；2010年5月28日为展演日，不硬定拜师日期。王友儒字形按该报道，王友如写法待另证。
新增,刘俊杰,张福,liu-junjie--zhang-fu,src-sparse-liu-2010,报道确认刘俊杰弟子；2010年5月28日为展演日，不硬定拜师日期。王友儒字形按该报道，王友如写法待另证。
新增,刘俊杰,王铮鑫,liu-junjie--wang-zhengxin,src-sparse-liu-2010,报道确认刘俊杰弟子；2010年5月28日为展演日，不硬定拜师日期。王友儒字形按该报道，王友如写法待另证。
新增,刘俊杰,王迎,liu-junjie--wang-ying,src-sparse-liu-2010,报道确认刘俊杰弟子；2010年5月28日为展演日，不硬定拜师日期。王友儒字形按该报道，王友如写法待另证。
新增,刘俊杰,王友儒,liu-junjie--wang-youru,src-sparse-liu-2010,报道确认刘俊杰弟子；2010年5月28日为展演日，不硬定拜师日期。王友儒字形按该报道，王友如写法待另证。
新增,田立禾,耿伯扬,tian-lihe--geng-boyang,src-sparse-tian-2026,中国新闻周刊逐名明确田立禾门下弟子；开蒙学生不转换为正式边。
新增,田立禾,赵广山,tian-lihe--zhao-guangshan,src-sparse-tian-2026,中国新闻周刊逐名明确田立禾门下弟子；开蒙学生不转换为正式边。
新增,田立禾,王幸福,tian-lihe--wang-xingfu,src-sparse-tian-2016,同期活动记录记2016年6月27日拜师；证据为戏考活动记录，尚缺独立媒体互证。
新增,田立禾,肖栋,tian-lihe--xiao-dong,src-sparse-tian-2016,同期活动记录记2016年6月27日拜师；证据为戏考活动记录，尚缺独立媒体互证。
新增,田立禾,刘建忠,tian-lihe--liu-jianzhong,src-sparse-tian-2016,同期活动记录记2016年6月27日拜师；证据为戏考活动记录，尚缺独立媒体互证。
新增,魏文亮,罗峰,wei-wenliang--luo-feng,src-sparse-wei-luo-2025,罗峰本人口述明确相声本师魏文亮；快板老师张志宽不混为相声本师。
新增,魏文亮,李孟遥,wei-wenliang--li-mengyao,src-sparse-wei-li-2005,台北曲艺团相声演员，原名李红，报道明确师从魏文亮；不把2005年3月2日刊发日期作为拜师日。
新增,魏文亮,张连志,wei-wenliang--zhang-lianzhi,src-sparse-wei-2024,2024年10月12日天津迎宾馆拜师仪式；未把见证人转为额外本师。
新增,魏文亮,王伟,wei-wenliang--wang-wei,src-sparse-wei-2024,2024年10月12日天津迎宾馆拜师仪式；未把见证人转为额外本师。
新增,魏文亮,常乐,wei-wenliang--chang-le,src-sparse-wei-2024,2024年10月12日天津迎宾馆拜师仪式；未把见证人转为额外本师。
新增,张文斌,魏文亮,zhang-wenbin--wei-wenliang,src-sparse-wei-interview,魏文亮本人明确张文斌为相声门正式拜师师父，武魁海为第二位老师；保留两师，不改成唯一师父。
新增,马小川,张庆柏,ma-xiaochuan--zhang-qingbai,src-sparse-ma-xiaochuan-2019,天津文旅机构介绍明确马小川弟子张庆柏；未推定精确拜师年。
新增,刘彤,刘骥,liu-tong--liu-ji,src-sparse-shi-2018,生活报对师家班的采访明确刘彤弟子刘骥。
新增,李菁,张天雷,li-jing--zhang-tianlei,src-sparse-li-jing-2012,公开收徒报道逐名确认李菁门下张天雷、郭天翼。
新增,李菁,郭天翼,li-jing--guo-tianyi,src-sparse-li-jing-2012,公开收徒报道逐名确认李菁门下张天雷、郭天翼。
新增,杨振华,刘金贵,yang-zhenhua--liu-jingui,src-sparse-yang-2020,辽宁日报逐名明确杨振华弟子；不推定统一拜师日期。
新增,杨振华,魏传良,yang-zhenhua--wei-chuanliang,src-sparse-yang-2020,辽宁日报逐名明确杨振华弟子；不推定统一拜师日期。
新增,杨振华,王乐天,yang-zhenhua--wang-letian,src-sparse-yang-2020,辽宁日报记录历史师承；后续2023年清门报道待独立核验，当前关系标为争议，不断言已经正式除名。
新增,杨振华,戴向,yang-zhenhua--dai-xiang,src-sparse-yang-dai,报道明确杨振华弟子，艺名盛京小媄；不依据其他弟子的仪式推定其日期。
新增,杨振华,关浩勇,yang-zhenhua--guan-haoyong,src-sparse-yang-guan,地方报报道明确杨振华弟子；精确拜师年未核验。
新增,杨振华,李大平,yang-zhenhua--li-daping,src-sparse-yang-li,辽宁日报报道明确杨振华弟子；精确拜师年未核验。
新增,刘宝瑞,韩德江,liu-baorui--han-dejiang,src-sparse-liu-baorui-2015,北京晚报纪念报道明确刘宝瑞门下弟子；不将受过指导的马季转换为正式师承。
新增,刘宝瑞,寇庚儒,liu-baorui--kou-gengru,src-sparse-liu-baorui-2015,北京晚报纪念报道明确刘宝瑞门下弟子；不将受过指导的马季转换为正式师承。
新增,刘宝瑞,高洪顺,liu-baorui--gao-hongshun,src-sparse-liu-baorui-2015,北京晚报纪念报道明确刘宝瑞门下弟子；不将受过指导的马季转换为正式师承。
补证,苏文茂,赵伟洲,su-wenmao--zhao-weizhou,src-sparse-su-culture-2015,中国文化报李治邦纪念文明确苏文茂弟子，与天津日报师门文互证。
补证,苏文茂,刘俊杰,su-wenmao--liu-junjie,src-sparse-su-culture-2015,中国文化报李治邦纪念文明确苏文茂弟子，与天津日报师门文互证。
补证,苏文茂,武福星,su-wenmao--wu-fuxing,src-sparse-su-culture-2015,中国文化报李治邦纪念文明确苏文茂弟子，与天津日报师门文互证。
补证,苏文茂,宋德全,su-wenmao--song-dequan,src-sparse-su-culture-2015,中国文化报李治邦纪念文明确苏文茂弟子，与天津日报师门文互证。
补证,师胜杰,常远,shi-shengjie--chang-yuan,src-sparse-shi-2018,常远本人采访记2008年11月26日拜师师胜杰；家族传承不替代正式师承。
新增,武魁海,魏文亮,wu-kuihai--wei-wenliang,src-sparse-wei-interview,魏文亮本人口述武魁海为第二位正式老师，同时保留张文斌第一位正式师父；不将两师关系删成单师。
