序号,线索,结论,URL,核验与处理
1,侯一尘北方网,无法读取,http://happy.enorth.com.cn/system/2009/06/15/004092251.shtml,正文不可读；不据豆包新增六条侯氏边。
2,央视第五至六代历史谱,已入／冲突暂缓,https://ent.cctv.com/special/C18744/20070624/102827.shtml,正文已读，来源天津日报历史列表；既有侯→常宝霖保留，另六名需人物独证；赵寿舫写法不能自动成为赵少舫别名。
3,孙小林新浪辨名,无法读取,https://blog.sina.cn/dpool/blog/s/blog_6388847a0102y5lw.html,未读正文，未核博客身份；不宣判赵寿舫为错误或另一人。
4,搜狐张永熙人物文,无法读取／此次补证新增,https://m.sohu.com/a/913523168_122152989/,搜狐正文不可读；改核德云社讣告与凤凰娱乐，录赵少舫→张永熙及张1923—2015；不补卢德俊或侯氏上游。
5,李寿增天津日报旧谱,已入／冲突暂缓,https://news.cctv.com/performance/20070624/100137.shtml,已读14人列表；与第2项同一天津日报内容，不算双重独立确认。已有张振圻、王树田、孙少林；其余不批量升级。
6,王树田荆楚网,已入／无法读取,http://www.cnhubei.com/xwzt/2012/hbwh/whhbzs/ctmr/201209/t2220602.shtml,重定向失败；李寿增→王树田上一批已据出版物入库，此链接不追加证据。
7,中新网广东2012,此次补证新增,https://www.chinanews.com.cn/cul/2012/08-09/4096965.shtml,全文已读；黄俊英→何宝文、陈坚雄，两文称弟子；拜师仪式日期未核。罗品超属粤剧，不建相声边；杨达属搭档。
8,广东2017预告与实况,此次补证新增／冲突暂缓,http://static.nfapp.southcn.com/content/201707/12/c540762.html | https://chinese.cri.cn/chinese/145/20170814/16270.html,南方预告不可读，国际在线实况全文已读：确已举行拜师，但八龄童和澳大利亚友人未具名；不猜潘泓博身份。何、陈再次明确为弟子。
9,东莞青年演员,无法读取,https://www.dg.gov.cn/zwgk/zfxxgkml/szz/qt/gzdt/content/post_4393704.html,正文不可读；工作室演员或团员身份不作正式师承证据；曾冠杰、张绍锟暂缓。
10,苏世杰／苏士杰,冲突暂缓／无法读取,http://m.toutiao.com/group/7361026289467523595/,正文不可读且为自媒体；保留旧库苏世杰，不另造苏士杰或凭检索缺失断言无人。
11,王友儒／王友如,冲突暂缓／无法读取,http://tj.news.cn/20241218/ac6d85d64fa34e269180cd0a2e863d4e/c.html,正文超时；演出名单即便读到也不能单独证明两写法同人或异人；保留王友儒，不设别名。
12,贾后行／贾厚行；纪元／新纪元,此次补证新增／冲突暂缓,https://m.thepaper.cn/newsDetail_forward_4761108 | https://news.bjd.com.cn/2026/01/20/11534474.shtml,澎湃不可读，不建贾氏节点或跨曲种边；京报转载沈阳日报已读，正式收徒崔福祥可新增。辽宁日报原文明确纪元2004年拜师，反驳“无纪元”的断言；新纪元同人待考，不另造节点。
