id,姓名,繁体,别名,字辈,师父,弟子,出处
zhang-sanlu,张三禄,,,待考,,阿彦涛 / 沈春和 / 朱绍文,src-wiki-lineage
a-yantao,阿彦涛,,,待考,张三禄,春长隆 / 恩绪 / 沈竹善,src-wiki-lineage
shen-chunhe,沈春和,,,待考,张三禄,冯崑治,src-wiki-lineage
zhu-shaowen,朱绍文,,穷不怕,待考,张三禄,春长隆 / 范有缘 / 冯崑治 / 富有根 / 沈竹善 / 徐有禄,src-wiki-lineage
chun-changlong,春长隆,,,待考,阿彦涛 / 朱绍文,马德禄,src-wiki-lineage / src-cctv-lineage-20070624
en-xu,恩绪,,,待考,阿彦涛,陈子贞 / 戴致斋 / 高玉峰 / 广阔泉 / 华子元 / 来德如 / 李德钖 / 李德祥 / 骆采舞 / 马德禄 / 王葆山 / 谢芮芝 / 张德泉,src-wiki-lineage
fan-youyuan,范有缘,,范长立,待考,朱绍文,郭瑞林 / 周德山,src-wiki-lineage
feng-kunzhi,冯崑治,,,待考,沈春和 / 朱绍文,高德光 / 高德亮 / 高德明,src-wiki-lineage / src-cctv-lineage-20070624
fu-yougen,富有根,,富桂祯,待考,朱绍文,范瑞亭 / 裕德隆,src-wiki-lineage
shen-zhushan,沈竹善,,,待考,阿彦涛 / 朱绍文,范瑞亭 / 卢德俊,src-wiki-lineage / src-cctv-lineage-20070624
xu-youlu,徐有禄,,徐长福,待考,朱绍文,焦德海 / 刘德智 / 卢德俊,src-wiki-lineage
cao-dekui,曹德奎,,曹麻子,德,,高凤山,src-wiki-lineage
chen-zizhen,陈子贞,,,德,恩绪,,src-wiki-lineage
dai-zhizhai,戴致斋,,,德,恩绪,,src-wiki-lineage
fan-ruiting,范瑞亭,,,德,富有根 / 沈竹善,焦寿海,src-wiki-lineage / src-cctv-lineage-20070624
gao-deguang,高德光,,,德,冯崑治,,src-wiki-lineage
gao-deming,高德明,,,德,冯崑治,,src-wiki-lineage
gao-yufeng,高玉峰,,,德,恩绪,,src-wiki-lineage
guo-kuoquan,广阔泉,,,德,恩绪,,src-wiki-lineage
guo-ruilin,郭瑞林,,,德,范有缘,侯一尘 / 谭伯如,src-wiki-lineage
hua-ziyuan,华子元,,,德,恩绪,,src-wiki-lineage
jiao-dehai,焦德海,,,德,徐有禄,常连安 / 李寿增 / 于俊波 / 张寿臣 / 朱阔泉,src-wiki-lineage
lai-deru,来德如,,,德,恩绪,,src-wiki-lineage
li-dexi,李德钖,,李德锡 / 万人迷,德,恩绪,,src-wiki-lineage
li-dexiang,李德祥,,,德,恩绪,马寿岩,src-wiki-lineage
liu-dezhi,刘德智,,,德,徐有禄,郭启儒,src-wiki-lineage
lu-dejun,卢德俊,,,德,沈竹善 / 徐有禄,陈雨亭 / 赵霭如,src-wiki-lineage / src-cctv-lineage-20070624
luo-caiwu,骆采舞,,,德,恩绪,,src-wiki-lineage / src-cctv-lineage-20070624
ma-delu,马德禄,,,德,春长隆 / 恩绪,高桂清 / 郭荣起 / 尹寿山,src-wiki-lineage
wang-baoshan,王葆山,,,德,恩绪,,src-wiki-lineage
xie-ruizhi,谢芮芝,,,德,恩绪,,src-wiki-lineage
yu-delong,裕德隆,,,德,富有根,,src-wiki-lineage
zhang-dequan,张德泉,,张德全,德,恩绪,,src-wiki-lineage
zhou-deshan,周德山,,周蛤蟆,德,范有缘,连秀全 / 马三立,src-wiki-lineage
chang-lianan,常连安,,,寿,焦德海,高元钧,src-wiki-lineage
chen-yuting,陈雨亭,,,寿,卢德俊,王世臣,src-wiki-lineage
gao-deliang,高德亮,,,寿,冯崑治,高凤山,src-wiki-lineage
gao-guiqing,高桂清,,,寿,马德禄,,src-wiki-lineage
guo-qiru,郭启儒,,,寿,刘德智,全常保,src-wiki-lineage
guo-rongqi,郭荣起,,,寿,马德禄,常宝霆 / 杨少华,src-wiki-lineage
hou-yichen,侯一尘,,,寿,郭瑞林,常宝霖,src-wiki-lineage
jiao-shouhai,焦寿海,,,寿,范瑞亭,赵佩茹,src-wiki-lineage
li-shouzeng,李寿增,,,寿,焦德海,张振圻,src-wiki-lineage
lian-xiuquan,连秀全,,,寿,周德山,王本林,src-wiki-lineage
ma-sanli,马三立,,马桂福,寿,周德山,班德贵 / 常宝丰 / 常宝华 / 方笑文 / 高笑临 / 李文华 / 连笑昆 / 任笑海 / 阎笑儒 / 尹笑声 / 于笑波,src-wiki-lineage / src-wiki-ma-sanli / src-cflac-ma-sanli-20210420
ma-shouyan,马寿岩,,,寿,李德祥,回婉华,src-wiki-lineage
tan-boru,谭伯如,,,寿,郭瑞林,陈涌泉 / 赵世忠,src-wiki-lineage
yin-shoushan,尹寿山,,,寿,马德禄,,src-wiki-lineage
yu-junbo,于俊波,,俊波,寿,焦德海,郭全宝,src-wiki-lineage
zhang-shouchen,张寿臣,,,寿,焦德海,常宝堃 / 常宝庆 / 刘宝瑞 / 佟大方 / 田立禾,src-wiki-lineage / src-zhihu-generation
zhao-ailu,赵霭如,,,寿,卢德俊,王长友,src-wiki-lineage
zhu-kuoquan,朱阔泉,,羊倌朱 / 大面包,寿,焦德海,侯宝林 / 马志明 / 王凤山,src-wiki-lineage / src-wiki-zhu-kuoquan
ban-degui,班德贵,,,宝,马三立,范振钰,src-wiki-lineage
chang-baofeng,常宝丰,,九蘑菇,宝,马三立,,src-wiki-lineage
chang-baohua,常宝华,,四蘑菇,宝,马三立,侯耀华 / 牛群,src-wiki-lineage
chang-baokun,常宝堃,,小蘑菇 / 常立桐,宝,张寿臣,李伯仁 / 苏文茂,src-wiki-lineage
chang-baolin,常宝霖,,二蘑菇,宝,侯一尘,,src-wiki-lineage
chang-baoqing,常宝庆,,,宝,张寿臣,,src-wiki-lineage
chang-baoting,常宝霆,,三蘑菇,宝,郭荣起,,src-wiki-lineage
chen-yongquan,陈涌泉,,,宝,谭伯如,,src-wiki-lineage / src-baike-generation
fang-xiaowen,方笑文,,,宝,马三立,,src-wiki-lineage
gao-fengshan,高凤山,,,宝,曹德奎 / 高德亮,毕学祥 / 陈学富 / 崔琦 / 来宝刚 / 李少杰 / 李世儒 / 李学宏 / 梁厚民 / 石富宽 / 张长来 / 张文甫,src-wiki-lineage
gao-xiaolin,高笑临,,,宝,马三立,,src-wiki-lineage
gao-yuankun,高元钧,,,宝,常连安,李立山,src-wiki-lineage
guo-quanbao,郭全宝,,,宝,于俊波,,src-wiki-lineage
hou-baolin,侯宝林,,,宝,朱阔泉,丁广泉 / 郝爱民 / 黄铁良 / 贾冀光 / 马季 / 师胜杰 / 吴兆南 / 杨紫阳,src-wiki-lineage / src-wiki-hou-baolin
hui-wanhua,回婉华,,,宝,马寿岩,,src-wiki-lineage
li-wenhua,李文华,,,宝,马三立,,src-wiki-lineage
lian-xiaokun,连笑昆,,,宝,马三立,,src-wiki-lineage
liu-baorui,刘宝瑞,,刘立棠,宝,张寿臣,唐杰忠 / 殷文硕 / 邢文昭,src-wiki-lineage
ma-zhiming,马志明,,,宝,朱阔泉,黄族民 / 卢福来 / 于克志,src-wiki-lineage
quan-changbao,全常保,,,宝,郭启儒,郑文喜,src-wiki-lineage
ren-xiaohai,任笑海,,,宝,马三立,,src-wiki-lineage
tian-lihe,田立禾,,田中敏,宝,张寿臣,,src-tjl-tian-2010 / src-wiki-tian-lihe / src-tjdaily-tian-obit-2026
tong-dafang,佟大方,,,宝,张寿臣,张文顺,src-wiki-lineage
wang-benlin,王本林,,,宝,连秀全,郑小山,src-wiki-lineage / src-cnr-zheng-xiaoshan-20190627
wang-changyou,王长友,,,宝,赵霭如,赵振铎,src-wiki-lineage
wang-fengshan,王凤山,,,宝,朱阔泉,马六甲,src-wiki-lineage
wang-shichen,王世臣,,,宝,陈雨亭,刘洪沂,src-wiki-lineage
yan-xiaoru,阎笑儒,,,宝,马三立,,src-wiki-lineage
yang-haiquan,杨海荃,,,待考,,杨振华,src-lnr-yang-obit-2026
yang-shaohua,杨少华,,,宝,郭荣起,,src-wiki-lineage / src-cnr-yang-shaohua-death-2025
yin-xiaosheng,尹笑声,,,宝,马三立,,src-wiki-lineage
yu-xiaobo,于笑波,,,宝,马三立,,src-wiki-lineage
zhang-zhenqi,张振圻,,,宝,李寿增,,src-wiki-lineage
zhao-peiru,赵佩茹,,赵宝琛,宝,焦寿海,常贵田 / 高英培 / 侯耀文 / 李伯祥,src-wiki-lineage
zhao-shizhong,赵世忠,,,宝,谭伯如,康桂生,src-wiki-lineage
bi-xuexiang,毕学祥,,,文,高凤山,,src-wiki-lineage
chang-guitian,常贵田,,,文,赵佩茹,,src-wiki-lineage
chen-xuefu,陈学富,,,文,高凤山,,src-wiki-lineage
chen-yian,陈逸安,陳逸安,,待考,,叶怡均,src-ncfta-ye-2020 / src-cna-wu-obit-2018
cui-qi,崔琦,,,文,高凤山,,src-wiki-lineage
ding-guangquan,丁广泉,,,文,侯宝林,,src-wiki-lineage / src-bjd-ding-obit-2018
fan-zhenyu,范振钰,,,文,班德贵,丛波 / 高峰 / 郭伯良 / 何世铭 / 刘春山 / 马腾翔 / 彭华 / 腾生祥 / 王传林 / 杨俊杰 / 于志勇 / 张德起 / 赵津生,src-wiki-lineage / src-wiki-fan-zhenyu / src-sohu-guo-fan-partnership-20090727 / src-iqiyi-gao-fan-diaoyu-2017
gao-yingpei,高英培,,,文,赵佩茹,苏明杰,src-wiki-lineage
hao-aimin,郝爱民,,,文,侯宝林,,src-wiki-lineage
hou-yaohua,侯耀华,,,文,常宝华,,src-wiki-lineage
hou-yaowen,侯耀文,,,文,赵佩茹,陈寒柏 / 郭德纲 / 奇志,src-wiki-lineage / src-cctv-hou-yaowen-2007
huang-tieliang,黄铁良,,,文,侯宝林,,src-wiki-lineage
huang-zumin,黄族民,,,文,马志明,,src-wiki-lineage / src-sina-ma-huangzumin
jia-jiguang,贾冀光,,贾继光,文,侯宝林,,src-wiki-lineage
kang-guisheng,康桂生,,,文,赵世忠,陈曦,src-wiki-lineage / src-jxwy-jin-chen-20220223
lai-baogang,来宝刚,,,文,高凤山,,src-wiki-lineage
li-boren,李伯仁,,,文,常宝堃,,src-wiki-lineage
li-boxiang,李伯祥,,,文,赵佩茹,戴志诚,src-wiki-lineage
li-lishan,李立山,,,文,高元钧,,src-wiki-lineage
li-shaojie,李少杰,,,文,高凤山,金霏,src-wiki-lineage
li-shiru,李世儒,,,文,高凤山,,src-wiki-lineage
li-xuehong,李学宏,,,文,高凤山,,src-wiki-lineage
liang-houmin,梁厚民,,,文,高凤山,,src-wiki-lineage
liu-hongyi,刘洪沂,,,文,王世臣,李伟建,src-wiki-lineage
lu-fulai,卢福来,,,文,马志明,,src-sina-ma-lufulai-yukezi
ma-ji,马季,,马树槐,文,侯宝林,冯巩 / 韩兰成 / 黄宏 / 姜昆 / 李增瑞 / 刘伟 / 王谦祥 / 笑林 / 赵炎 / 常佩业 / 刘喜尧 / 彭子义 / 黄志强 / 尹卓林 / 姚新光 / 李国修 / 赵龙军 / 邢瑛瑛 / 刘立新 / 侯冠男 / 张庆,src-wiki-lineage / src-wiki-ma-ji / src-cctv-lineage-20070624
ma-liujia,马六甲,,,文,王凤山,,src-wiki-lineage / src-tjrb-ma-liujia-20260120
niu-qun,牛群,,,文,常宝华,,src-wiki-lineage
pan-guicai,潘贵才,,,文,,,src-douyin-ma-rejected-disciples
shi-fuquan,石富宽,,,文,高凤山,侯震 / 刘献伟 / 孙越 / 于谦,src-wiki-lineage
shi-shengjie,师胜杰,,,文,侯宝林,李菁,src-wiki-lineage
su-wenmao,苏文茂,,苏仲仁,文,常宝堃,崔金泉 / 刘俊杰 / 宋德全 / 赵伟洲,src-wiki-lineage / src-zhihu-generation
tang-jiezhong,唐杰忠,,,文,刘宝瑞,,src-wiki-lineage
wang-jindong,王金东,,,文,,,src-douyin-ma-rejected-disciples
wei-longhao,魏龙豪,魏龍豪,魏贵宽 / 魏甦 / 魏苏,待考,,,src-wiki-wei-longhao / src-cna-wu-obit-2018
wei-wenliang,魏文亮,,,待考,,朱德刚,src-ncfta-ye-2020
wu-zhaonan,吴兆南,,照南 / 吳兆南,文,侯宝林,,src-wiki-lineage / src-cna-wu-obit-2018 / src-wiki-wu-zhaonan-2026 / src-merit-wu-2009
xing-wenzhao,邢文昭,,邢克昭,文,刘宝瑞,,src-deyunshe-xing-obit / src-xikao-xing
yang-zhenhua,杨振华,,,待考,杨海荃,纪元,src-lnr-yang-obit-2026
yang-ziyang,杨紫阳,,,文,侯宝林,,src-wiki-lineage
yin-wenshuo,殷文硕,,,文,刘宝瑞,,src-wiki-lineage / src-baike-lineage-table
yu-kezhi,于克志,,,文,马志明,,src-sina-ma-lufulai-yukezi
zhang-changlai,张长来,,,文,高凤山,,src-wiki-lineage
zhang-wenfu,张文甫,,张学桐,待考,高凤山,,src-cnr-zhang-wenfu-20090722
zhang-wenshun,张文顺,,,文,佟大方,,src-wiki-lineage
zhao-zhenduo,赵振铎,,,文,王长友,李金斗,src-wiki-lineage
zheng-wenxi,郑文喜,,,文,全常保,王声,src-wiki-lineage
zheng-xiaoshan,郑小山,,,文,王本林,苗阜 / 魏元成 / 郑宏伟,src-wiki-lineage / src-people-zheng-xiaoshan-20190625 / src-cnr-zheng-xiaoshan-20190627
baishua,白桦,,,明,姜昆,,src-wiki-lineage / src-cctv-lineage-20070624
cao-shuguang,曹曙光,,,明,姜昆,,src-wiki-lineage / src-cctv-lineage-20070624
chang-guide,常贵德,,,待考,,,src-wiki-lineage
chang-peiye,常佩业,,,明,马季,,src-wiki-lineage
chen-hanbai,陈寒柏,,,明,侯耀文,,src-wiki-lineage
chen-xi,陈曦,,,明,康桂生,,src-people-meng-zhou-final-20181029 / src-jxwy-jin-chen-20220223
cong-bo,丛波,,,明,范振钰,,src-cctv-fan-zhenyu-disciples-20061220
cui-jinquan,崔金泉,,,明,苏文茂,,src-wiki-lineage
dai-zhicheng,戴志诚,,,明,李伯祥,,src-wiki-lineage
deng-xiaolin,邓小林,,,明,姜昆,,src-wiki-lineage / src-cctv-lineage-20070624
fan-jun,范军,,,明,韩兰成,,src-wiki-lineage / src-cctv-lineage-20070624 / src-baike-han-lancheng
feng-gong,冯巩,,,明,马季,贾玲 / 宋宁 / 潘斌龙 / 白凯南 / 曹随风 / 何军 / 李鸣宇 / 侯林林 / 耿强 / 莫宏 / 王彤,src-wiki-lineage / src-cctv-lineage-20070624
gao-feng,高峰,,,明,范振钰,,src-cctv-fan-zhenyu-disciples-20061220
guo-boliang,郭伯良,,,明,范振钰,,src-cctv-fan-zhenyu-disciples-20061220
guo-dan,郭丹,,,明,姜昆,,src-wiki-lineage / src-cctv-lineage-20070624
guo-degang,郭德纲,,,明,侯耀文,曹鹤阳 / 曹九台 / 曹云金 / 陈九福 / 陈九品 / 陈九桐 / 陈霄华 / 啜鹤雄 / 董九涵 / 董九力 / 杜鹤来 / 范霄琦 / 樊霄堂 / 房鹤迪 / 高鹤鹏 / 高九成 / 关鹤柏 / 关九海 / 郭鹤鸣 / 韩鹤晓 / 韩九鸣 / 何九华 / 何云伟 / 侯鹤廉 / 姬鹤武 / 靳鹤岚 / 金鹤年 / 孔云龙 / 郎鹤炎 / 李鹤彪 / 李鹤东 / 李鹤林 / 李鹤浦 / 李九重 / 李九春 / 李九江 / 李九天 / 李云杰 / 李云天 / 刘鹤春 / 刘鹤清 / 刘鹤英 / 刘九仁 / 刘九儒 / 刘九思 / 栾鹤华 / 栾云平 / 马兆壮 / 梅九亮 / 孟鹤堂 / 倪九涛 / 宁云祥 / 欧弟 / 齐鹤涛 / 秦霄贤 / 尚九熙 / 烧饼 / 孙九香 / 陶云圣 / 王鹤江 / 王九龙 / 王霄颐 / 王耀宗 / 吴鹤臣 / 阎鹤祥 / 闫云达 / 杨鹤灵 / 杨九郎 / 于鹤真 / 于云田 / 于云霆 / 岳云鹏 / 张鹤帆 / 张鹤峰 / 张鹤舰 / 张鹤君 / 张鹤栾 / 张鹤伦 / 张鹤雯 / 张九驰 / 张九林 / 张九龄 / 张九南 / 张九泰 / 张康 / 张霄白 / 张云藩 / 张云雷 / 郑九莲 / 周九良 / 朱鹤松 / 朱云峰 / 高鹤彩 / 杨鹤通 / 梁鹤坤 / 钟鹤轩 / 马鹤琪 / 孙鹤宝,src-wiki-lineage / src-wiki-guo-degang / src-bjnews-guo-hou-2006 / src-chinanews-cao-response-2016 / src-ifeng-guo-response-2016
guo-peixin,郭培鑫,,,明,王谦祥,,src-wiki-lineage / src-cctv-lineage-20070624
han-lancheng,韩兰成,,韩兰城,明,马季,范军 / 于小飞,src-wiki-lineage / src-cctv-lineage-20070624
he-shiming,何世铭,,,明,范振钰,,src-cctv-fan-zhenyu-disciples-20061220
hou-guannan,侯冠男,,,明,马季,,src-wiki-lineage
hou-zhen,侯震,,,明,石富宽,,src-wiki-lineage
huang-hong,黄宏,,,明,马季,,src-wiki-lineage
huang-zhiqiang,黄志强,,,明,马季,,src-wiki-lineage
ji-yuan,纪元,,,待考,杨振华,,src-lnr-yang-obit-2026
jiang-kun,姜昆,,,明,马季,大山 / 句号 / 唐爱国 / 齐立强 / 刘全和 / 刘全利 / 刘惠 / 陆鸣 / 孙晨 / 邓小林 / 许勇 / 赵卫国 / 白桦 / 李道南 / 夏文兰 / 倪明 / 徐文 / 郭丹 / 曹曙光 / 徐惠民 / 邱胜扬,src-wiki-lineage / src-wiki-jiang-kun / src-cctv-lineage-20070624
li-danan,李道南,,,明,姜昆,,src-wiki-lineage / src-cctv-lineage-20070624
li-guoxiu,李国修,,,明,马季,,src-wiki-lineage
li-jindou,李金斗,,,明,赵振铎,大兵,src-wiki-lineage
li-jing,李菁,,,明,师胜杰,,src-wiki-lineage
li-weijian,李伟建,,,明,刘洪沂,,src-wiki-lineage
li-zengrui,李增瑞,,,明,马季,李丁,src-wiki-lineage
liu-chunshan,刘春山,,,明,范振钰,,src-cctv-fan-zhenyu-disciples-20061220
liu-hui,刘惠,,,明,姜昆,,src-wiki-lineage / src-cctv-lineage-20070624
liu-junjie,刘俊杰,,,明,苏文茂,张斌 / 张峰岩,src-wiki-lineage
liu-lixin,刘立新,,,明,马季,,src-wiki-lineage
liu-quanhe,刘全和,,,明,姜昆,,src-wiki-lineage / src-cctv-lineage-20070624
liu-quanli,刘全利,,,明,姜昆,,src-wiki-lineage / src-cctv-lineage-20070624
liu-wei,刘伟,,,明,马季,,src-wiki-lineage
liu-xianwei,刘献伟,,,明,石富宽,,src-wiki-lineage
liu-xiyao,刘喜尧,,,明,马季,,src-wiki-lineage
lu-ming,陆鸣,,,明,姜昆,,src-wiki-lineage / src-cctv-lineage-20070624
ma-tengxiang,马腾翔,,,明,范振钰,,src-cctv-fan-zhenyu-disciples-20061220
miao-fu,苗阜,,,明,郑小山,,src-sohu-qingqu-shanghai-20140521 / src-wiki-lineage
ni-ming,倪明,,,明,姜昆,,src-wiki-lineage / src-cctv-lineage-20070624
peng-hua,彭华,,,明,范振钰,,src-cctv-fan-zhenyu-disciples-20061220
peng-ziyi,彭子义,,,明,马季,,src-wiki-lineage
qi-liqiang,齐立强,,,明,姜昆,,src-wiki-lineage / src-cctv-lineage-20070624
qi-zhi,奇志,,,明,侯耀文,,src-wiki-lineage
qiu-shengyang,邱胜扬,,,明,姜昆,,src-wiki-lineage / src-lidicity-maji-baishi-2006
song-dequan,宋德全,,,明,苏文茂,,src-wiki-lineage
su-mingjie,苏明杰,,,明,高英培,,src-wiki-lineage
sun-chen,孙晨,,,明,姜昆,,src-wiki-lineage / src-cctv-lineage-20070624
sun-yue,孙越,,,明,石富宽,,src-wiki-lineage
tang-aiguo,唐爱国,,,明,姜昆,,src-wiki-lineage / src-cctv-lineage-20070624
teng-shengxiang,腾生祥,,滕生祥,明,范振钰,,src-cctv-fan-zhenyu-disciples-20061220
wang-chuanlin,王传林,,,明,范振钰,,src-cctv-fan-zhenyu-disciples-20061220
wang-peiyuan,王佩元,,,待考,,孟庆龙,src-douyin-hulu-lineage
wang-qianxiang,王谦祥,,,明,马季,金霏 / 李寅飞 / 叶蓬 / 郭培鑫,src-wiki-lineage / src-cctv-lineage-20070624
wang-sheng,王声,,,明,郑文喜,,src-sohu-qingqu-shanghai-20140521 / src-wiki-lineage
wei-yuancheng,魏元成,,,明,郑小山,玉浩,src-cctv-lineage-20070624 / src-cctv-fan-zhenyu-disciples-20061220 / src-sohu-luxin-yuhao-ticket-20171115
xia-jinhua,夏锦华,,,待考,,王朝正,src-douyin-hulu-lineage
xiao-lin,笑林,,,明,马季,,src-wiki-lineage
xiao-wenlan,夏文兰,,,明,姜昆,,src-wiki-lineage / src-cctv-lineage-20070624
xing-yingying,邢瑛瑛,,,明,马季,,src-wiki-lineage
xu-huimin,徐惠民,,,明,姜昆,,src-wiki-lineage / src-lidicity-maji-baishi-2006
xu-wen,徐文,,,明,姜昆,,src-wiki-lineage / src-cctv-lineage-20070624
xu-yong,许勇,,,明,姜昆,,src-wiki-lineage / src-cctv-lineage-20070624
yang-junjie,杨俊杰,,,明,范振钰,,src-cctv-fan-zhenyu-disciples-20061220
yang-yi,杨议,,,待考,,,src-wiki-lineage
yao-xinguang,姚新光,,,明,马季,,src-wiki-lineage
ye-yijun,叶怡均,葉怡均,,待考,陈逸安,,src-ncfta-ye-2020
yin-zhuolin,尹卓林,,,明,马季,,src-wiki-lineage
yu-qian,于谦,,,明,石富宽,冯照洋 / 郭汾阳 / 郭麒麟 / 李斯明 / 太荣剑 / 吴所谓 / 小龙,src-wiki-lineage
yu-xiaofei,于小飞,,,明,韩兰成,,src-wiki-lineage / src-cctv-lineage-20070624 / src-baike-han-lancheng
yu-zhiyong,于志勇,,于志远,明,范振钰,,src-cctv-fan-zhenyu-disciples-20061220
zhang-deqi,张德起,,,明,范振钰,,src-cctv-fan-zhenyu-disciples-20061220
zhang-qing,张庆,,,明,马季,,src-wiki-lineage
zhao-jinsheng,赵津生,,,明,范振钰,,src-cctv-fan-zhenyu-disciples-20061220
zhao-longjun,赵龙军,,,明,马季,,src-wiki-lineage
zhao-weiguo,赵卫国,,,明,姜昆,,src-wiki-lineage / src-cctv-lineage-20070624
zhao-weizhou,赵伟洲,,,明,苏文茂,,src-wiki-lineage
zhao-yan,赵炎,,,明,马季,,src-wiki-lineage
zheng-hongwei,郑宏伟,,,明,郑小山,卢鑫,src-baike-zheng-hongwei / src-people-zheng-xiaoshan-20190625 / src-cnr-zheng-xiaoshan-20190627
zhu-degang,朱德刚,朱德剛,,待考,魏文亮,,src-ncfta-ye-2020
bai-kainan,白凯南,,,待考,冯巩,,src-wiki-lineage / src-huanqiu-baikainan-2004 / src-huanqiu-feng-gong-lineage
cao-heyang,曹鹤阳,,,待考,郭德纲,,src-wiki-lineage / src-chinanews-south-africa-2025
cao-jiutai,曹九台,,,待考,郭德纲,,src-ifeng-guo-genealogy-2016
cao-suifeng,曹随风,,,待考,冯巩,,src-wiki-lineage / src-iesdouyin-cao-suifeng / src-huanqiu-feng-gong-lineage
cao-yunjin,曹云金,,,待考,郭德纲,,src-chinanews-cao-response-2016 / src-iqiyi-cao-exit-2010 / src-ifeng-guo-response-2016
chen-jiufu,陈九福,,,待考,郭德纲,,src-ifeng-guo-genealogy-2016
chen-jiupin,陈九品,,,待考,郭德纲,,src-ifeng-guo-genealogy-2016
chen-jiutong,陈九桐,,,待考,郭德纲,,src-ifeng-guo-genealogy-2016
chen-xiaohua,陈霄华,,,待考,郭德纲,,src-ifeng-guo-genealogy-2016
chi-hexiong,啜鹤雄,,,待考,郭德纲,,src-ifeng-guo-genealogy-2016
da-bing,大兵,,,待考,李金斗,,src-wiki-lineage
da-shan,大山,,Mark Rowswell,待考,姜昆,,src-wiki-lineage
dong-jiuhan,董九涵,,,待考,郭德纲,,src-ifeng-guo-genealogy-2016
dong-jiuli,董九力,,,待考,郭德纲,,src-ifeng-guo-genealogy-2016
du-helai,杜鹤来,,,待考,郭德纲,,src-ifeng-guo-genealogy-2016
fan-xiaoqi,范霄琦,,,待考,郭德纲,,src-ifeng-guo-genealogy-2016
fan-xiaotang,樊霄堂,,,待考,郭德纲,,src-ifeng-guo-genealogy-2016
fang-hedi,房鹤迪,,房小满,待考,郭德纲,,src-ifeng-guo-genealogy-2016
feng-zhaoyang,冯照洋,,,待考,于谦,,src-wiki-lineage
gao-hecai,高鹤彩,,,待考,郭德纲,,src-ifeng-guo-genealogy-2016
gao-hepeng,高鹤鹏,,,待考,郭德纲,,src-ifeng-guo-genealogy-2016
gao-jiucheng,高九成,,高成,待考,郭德纲,,src-ifeng-guo-genealogy-2016
geng-qiang,耿强,,,待考,冯巩,,src-wiki-lineage / src-allhistory-feng-gong-lineage
guan-hebai,关鹤柏,,关春生,待考,郭德纲,,src-ifeng-guo-genealogy-2016
guan-jiuhai,关九海,,关思宇,待考,郭德纲,,src-ifeng-guo-genealogy-2016
guo-fenyang,郭汾阳,,,待考,于谦,,src-wiki-lineage / src-chinanews-guo-fenyang-20150122
guo-heming,郭鹤鸣,,,待考,郭德纲,,src-ifeng-guo-genealogy-2016
guo-qilin,郭麒麟,,,待考,于谦,,src-wiki-lineage
han-hexiao,韩鹤晓,,,待考,郭德纲,,src-ifeng-guo-genealogy-2016
han-jiuming,韩九鸣,,,待考,郭德纲,,src-ifeng-guo-genealogy-2016
he-jiuhua,何九华,,,待考,郭德纲,,src-ifeng-guo-genealogy-2016
he-jun,何军,,,待考,冯巩,,src-wiki-lineage / src-allhistory-feng-gong-lineage
he-yunwei,何云伟,,,待考,郭德纲,,src-jinghua-he-li-exit-2010 / src-cri-he-li-interview-2010 / src-chinanews-cao-response-2016
hou-helian,侯鹤廉,,,待考,郭德纲,,src-ifeng-guo-genealogy-2016
hou-linlin,侯林林,,,待考,冯巩,,src-wiki-lineage / src-allhistory-feng-gong-lineage
ji-hewu,姬鹤武,,,待考,郭德纲,,src-ifeng-guo-genealogy-2016
jia-ling,贾玲,,,待考,冯巩,,src-wiki-lineage / src-360-feng-gong-disciples / src-huanqiu-feng-gong-lineage
jin-fei,金霏,,,待考,李少杰 / 王谦祥,,src-people-meng-zhou-final-20181029 / src-cnbpat-jin-fei-20220830 / src-ifeng-jin-chen-interview-20170602
jin-helan,靳鹤岚,,,待考,郭德纲,,src-ifeng-guo-genealogy-2016
jin-henian,金鹤年,,,待考,郭德纲,,src-ifeng-guo-genealogy-2016
ju-hao,句号,,句兆杰,待考,姜昆,,src-wiki-lineage / src-cctv-lineage-20070624
kong-yunlong,孔云龙,,,待考,郭德纲,,src-ifeng-guo-genealogy-2016
lang-heyan,郎鹤炎,,,待考,郭德纲,,src-huanqiu-helun-20190121 / src-cyol-comedian-round-20190314 / src-wiki-lineage
li-ding,李丁,,,待考,李增瑞,,src-wiki-lineage
li-hebiao,李鹤彪,,李国勇,待考,郭德纲,,src-ifeng-guo-genealogy-2016
li-hedong,李鹤东,,李冬,待考,郭德纲,,src-ifeng-guo-genealogy-2016
li-helin,李鹤林,,,待考,郭德纲,,src-ifeng-guo-genealogy-2016
li-hepu,李鹤浦,,,待考,郭德纲,,src-ifeng-guo-genealogy-2016
li-jiuchong,李九重,,,待考,郭德纲,,src-ifeng-guo-genealogy-2016
li-jiuchun,李九春,,李众军,待考,郭德纲,,src-ifeng-guo-genealogy-2016
li-jiujiang,李九江,,,待考,郭德纲,,src-ifeng-guo-genealogy-2016
li-jiutian,李九天,,,待考,郭德纲,,src-ifeng-guo-genealogy-2016
li-mingyu,李鸣宇,,,待考,冯巩,,src-wiki-lineage / src-allhistory-feng-gong-lineage
li-siming,李斯明,,,待考,于谦,,src-wiki-lineage
li-yinfei,李寅飞,,,待考,王谦祥,,src-china-liyinfei-20210729 / src-tsinghua-liyinfei-yepeng
li-yunjie,李云杰,,,待考,郭德纲,,src-ifeng-guo-genealogy-2016
li-yuntian,李云天,,,待考,郭德纲,,src-ifeng-guo-genealogy-2016
liang-hekeng,梁鹤坤,,,待考,郭德纲,,src-ifeng-guo-genealogy-2016
liu-hechun,刘鹤春,,,待考,郭德纲,,src-ifeng-guo-genealogy-2016
liu-heqing,刘鹤清,,,待考,郭德纲,,src-ifeng-guo-genealogy-2016
liu-heying,刘鹤英,,,待考,郭德纲,,src-ifeng-guo-genealogy-2016
liu-jiuren,刘九仁,,,待考,郭德纲,,src-ifeng-guo-genealogy-2016
liu-jiuru,刘九儒,,,待考,郭德纲,,src-ifeng-guo-genealogy-2016
liu-jiusi,刘九思,,刘雨庚,待考,郭德纲,,src-ifeng-guo-genealogy-2016
luan-hehua,栾鹤华,,,待考,郭德纲,,src-ifeng-guo-genealogy-2016
luan-yunping,栾云平,,,待考,郭德纲,,src-wiki-lineage
ma-heqi,马鹤琪,,,待考,郭德纲,,src-ifeng-guo-genealogy-2016
ma-zhaozhuang,马兆壮,,,待考,郭德纲,,src-sina-guo-koumeng
mei-jiuliang,梅九亮,,,待考,郭德纲,,src-ifeng-guo-genealogy-2016
meng-hetang,孟鹤堂,,,待考,郭德纲,,src-people-meng-zhou-final-20181029 / src-xinhua-zhihu-lineup-20210126 / src-wiki-lineage
meng-qinglong,孟庆龙,,,待考,王佩元,,src-douyin-hulu-lineage
mo-hong,莫宏,,,待考,冯巩,,src-wiki-lineage / src-allhistory-feng-gong-lineage
ni-jiutao,倪九涛,,,待考,郭德纲,,src-ifeng-guo-genealogy-2016
ning-yunxiang,宁云祥,,,待考,郭德纲,,src-ifeng-guo-genealogy-2016
ou-di,欧弟,,,待考,郭德纲,,src-sina-guo-koumeng
pan-binlong,潘斌龙,,,待考,冯巩,,src-wiki-lineage / src-360-feng-gong-disciples
qi-hetao,齐鹤涛,,,待考,郭德纲,,src-ifeng-guo-genealogy-2016
qin-xiaoxian,秦霄贤,,秦凯旋,待考,郭德纲,,src-ifeng-guo-genealogy-2016
shang-jiuxi,尚九熙,,,待考,郭德纲,,src-ifeng-guo-genealogy-2016
shao-bing,烧饼,,朱云峰,待考,郭德纲,,src-xinhua-zhihu-lineup-20210126 / src-chinanews-south-africa-2025 / src-wiki-lineage
song-ning,宋宁,,,待考,冯巩,,src-wiki-lineage / src-huanqiu-songning-2002 / src-huanqiu-feng-gong-lineage
sun-hebao,孙鹤宝,,,待考,郭德纲,,src-ifeng-guo-genealogy-2016
sun-jiuxiang,孙九香,,,待考,郭德纲,,src-ifeng-guo-genealogy-2016
tai-rongjian,太荣剑,,,待考,于谦,,src-wiki-lineage
tao-yunsheng,陶云圣,,陶阳,待考,郭德纲,,src-ifeng-guo-genealogy-2016
wang-chaozheng,王朝正,,,待考,夏锦华,,src-douyin-hulu-lineage
wang-hejiang,王鹤江,,,待考,郭德纲,,src-ifeng-guo-genealogy-2016
wang-jiulong,王九龙,,,待考,郭德纲,,src-ifeng-guo-genealogy-2016
wang-tong,王彤,,,待考,冯巩,,src-wiki-lineage / src-allhistory-feng-gong-lineage
wang-xiaoyi,王霄颐,,,待考,郭德纲,,src-ifeng-guo-genealogy-2016
wang-yaozong,王耀宗,,,待考,郭德纲,,src-sina-guo-koumeng
wu-hechen,吴鹤臣,,,待考,郭德纲,,src-ifeng-guo-genealogy-2016
wu-suowei,吴所谓,,吴京之子,待考,于谦,,src-wiki-lineage
xiao-long-guo-zihao,小龙,,郭子豪,待考,于谦,,src-wiki-lineage
yan-hexiang,阎鹤祥,,阎鑫,待考,郭德纲,,src-ifeng-guo-genealogy-2016
yan-yunda,闫云达,,闫宗海,待考,郭德纲,,src-ifeng-guo-genealogy-2016
yang-heling,杨鹤灵,,,待考,郭德纲,,src-ifeng-guo-genealogy-2016
yang-hetong,杨鹤通,,,待考,郭德纲,,src-ifeng-guo-genealogy-2016
yang-jiulang,杨九郎,,,待考,郭德纲,,src-wiki-guo-degang / src-qingdao-notice-2019
ye-peng,叶蓬,,,待考,王谦祥,,src-tsinghua-liyinfei-yepeng
yu-hao,玉浩,,张玉浩 / 张乐浩,待考,魏元成,,src-cyol-comedian-round-20190314 / src-sohu-luxin-yuhao-ticket-20171115
yu-hezhen,于鹤真,,,待考,郭德纲,,src-ifeng-guo-genealogy-2016
yu-yunti,于云田,,,待考,郭德纲,,src-ifeng-guo-genealogy-2016
yu-yunting,于云霆,,于思洋 / 于谦之子,待考,郭德纲,,src-ifeng-guo-genealogy-2016
yue-yunpeng,岳云鹏,,,待考,郭德纲,,src-wiki-lineage
zhang-bin,张斌,,,待考,刘俊杰,,src-sohu-hulu-liujunjie
zhang-fengyan,张峰岩,,张丰岩,待考,刘俊杰,,src-sohu-hulu-liujunjie
zhang-hefan,张鹤帆,,,待考,郭德纲,,src-ifeng-guo-genealogy-2016
zhang-hefeng,张鹤峰,,,待考,郭德纲,,src-ifeng-guo-genealogy-2016
zhang-hejian,张鹤舰,,,待考,郭德纲,,src-ifeng-guo-genealogy-2016
zhang-hejun,张鹤君,,,待考,郭德纲,,src-ifeng-guo-genealogy-2016
zhang-heluan,张鹤栾,,,待考,郭德纲,,src-ifeng-guo-genealogy-2016
zhang-helun,张鹤伦,,,待考,郭德纲,,src-huanqiu-helun-20190121 / src-cyol-comedian-round-20190314 / src-wiki-lineage
zhang-hewen,张鹤雯,,,待考,郭德纲,,src-ifeng-guo-genealogy-2016
zhang-jiuchi,张九驰,,,待考,郭德纲,,src-ifeng-guo-genealogy-2016
zhang-jiulin,张九林,,,待考,郭德纲,,src-ifeng-guo-genealogy-2016
zhang-jiuling,张九龄,,张仲元,待考,郭德纲,,src-ifeng-guo-genealogy-2016
zhang-jiunan,张九南,,张剑宇,待考,郭德纲,,src-ifeng-guo-genealogy-2016
zhang-jiutai,张九泰,,,待考,郭德纲,,src-ifeng-guo-genealogy-2016
zhang-kang,张康,,,待考,郭德纲,,src-sina-guo-koumeng
zhang-xiaobai,张霄白,,,待考,郭德纲,,src-ifeng-guo-genealogy-2016
zhang-yunfan,张云藩,,,待考,郭德纲,,src-ifeng-guo-genealogy-2016
zhang-yunlei,张云雷,,,待考,郭德纲,,src-wiki-lineage
zheng-jiulian,郑九莲,,,待考,郭德纲,,src-ifeng-guo-genealogy-2016
zhong-hexuan,钟鹤轩,,,待考,郭德纲,,src-ifeng-guo-genealogy-2016
zhou-jiuliang,周九良,,,待考,郭德纲,,src-people-meng-zhou-final-20181029 / src-xinhua-zhihu-lineup-20210126 / src-wiki-lineage
zhu-hesong,朱鹤松,,,待考,郭德纲,,src-ifeng-guo-genealogy-2016
zhu-yunfeng,朱云峰,,,待考,郭德纲,,src-ifeng-guo-genealogy-2016
lu-xin,卢鑫,,,待考,郑宏伟,,src-cyol-comedian-round-20190314 / src-sohu-luxin-yuhao-ticket-20171115
