id,师父,弟子,存疑,说明,出处
a-yantao--chun-changlong,阿彦涛,春长隆,True,现行参考表列此师承；央视2007年转载天津日报旧谱列朱绍文门下。两种来源并列待考。,src-wiki-lineage
a-yantao--en-xu,阿彦涛,恩绪,False,,src-wiki-lineage
a-yantao--shen-zhushan,阿彦涛,沈竹善,True,现行参考表所列；央视旧谱另列朱绍文。,src-wiki-lineage
ban-degui--fan-zhenyu,班德贵,范振钰,False,,src-wiki-lineage
cao-dekui--gao-fengshan,曹德奎,高凤山,False,技艺师承：学习数来宝、快板；与高德亮所传相声门户并列记录。,src-wiki-lineage
chang-baohua--hou-yaohua,常宝华,侯耀华,False,,src-wiki-lineage
chang-baohua--niu-qun,常宝华,牛群,False,,src-wiki-lineage
chang-baokun--li-boren,常宝堃,李伯仁,False,,src-wiki-lineage
chang-baokun--su-wenmao,常宝堃,苏文茂,False,,src-wiki-lineage
chang-lianan--gao-yuankun,常连安,高元钧,False,,src-wiki-lineage
chen-yuting--wang-shichen,陈雨亭,王世臣,False,,src-wiki-lineage
chun-changlong--ma-delu,春长隆,马德禄,False,正式摆知师承：按马氏支脉资料，春长隆为马德禄公开摆知确立的正式师父。,src-wiki-lineage
en-xu--chen-zizhen,恩绪,陈子贞,False,官方谱系资料增补条目，与常见十一人名录并列记录。,src-wiki-lineage
en-xu--dai-zhizhai,恩绪,戴致斋,False,,src-wiki-lineage
en-xu--gao-yufeng,恩绪,高玉峰,False,,src-wiki-lineage
en-xu--guo-kuoquan,恩绪,广阔泉,False,,src-wiki-lineage
en-xu--hua-ziyuan,恩绪,华子元,False,,src-wiki-lineage
en-xu--lai-deru,恩绪,来德如,False,,src-wiki-lineage
en-xu--li-dexi,恩绪,李德钖,False,,src-wiki-lineage
en-xu--li-dexiang,恩绪,李德祥,False,,src-wiki-lineage
en-xu--luo-caiwu,恩绪,骆采舞,True,央视2007年名录列恩绪门下；现行参考表标问号，仍保留待考，不补写入室、拜师日期等细节。,src-wiki-lineage / src-cctv-lineage-20070624
en-xu--ma-delu,恩绪,马德禄,False,开蒙师承：马德禄十三岁起随恩绪学艺；其公开摆知的正式师父另记春长隆。,src-wiki-lineage
en-xu--wang-baoshan,恩绪,王葆山,False,,src-wiki-lineage
en-xu--xie-ruizhi,恩绪,谢芮芝,False,,src-wiki-lineage
en-xu--zhang-dequan,恩绪,张德泉,False,,src-wiki-lineage
fan-ruiting--jiao-shouhai,范瑞亭,焦寿海,False,参考师承表：范瑞亭传焦寿海。,src-wiki-lineage
fan-youyuan--guo-ruilin,范有缘,郭瑞林,False,,src-wiki-lineage
fan-youyuan--zhou-deshan,范有缘,周德山,False,,src-wiki-lineage
fan-zhenyu--cong-bo,范振钰,丛波,False,央视2006年公开师承表列录；个体拜师细节待补。,src-cctv-fan-zhenyu-disciples-20061220
fan-zhenyu--gao-feng,范振钰,高峰,False,央视2006年公开师承表列录；其余曲种学习经历不并入此师承线。,src-cctv-fan-zhenyu-disciples-20061220
fan-zhenyu--guo-boliang,范振钰,郭伯良,False,央视2006年公开师承表列录；个体拜师细节待补。,src-cctv-fan-zhenyu-disciples-20061220
fan-zhenyu--he-shiming,范振钰,何世铭,False,央视2006年公开师承表列录；个体拜师细节待补。,src-cctv-fan-zhenyu-disciples-20061220
fan-zhenyu--liu-chunshan,范振钰,刘春山,False,央视2006年公开师承表列录；个体拜师细节待补。,src-cctv-fan-zhenyu-disciples-20061220
fan-zhenyu--ma-tengxiang,范振钰,马腾翔,False,央视2006年公开师承表列录；个体拜师细节待补。,src-cctv-fan-zhenyu-disciples-20061220
fan-zhenyu--peng-hua,范振钰,彭华,False,央视2006年公开师承表列录；个体拜师细节待补。,src-cctv-fan-zhenyu-disciples-20061220
fan-zhenyu--teng-shengxiang,范振钰,腾生祥,False,央视2006年公开师承表列录；姓名异写及个体拜师细节待补。,src-cctv-fan-zhenyu-disciples-20061220
fan-zhenyu--wang-chuanlin,范振钰,王传林,False,央视2006年公开师承表列录；其他曲种师承另行核验。,src-cctv-fan-zhenyu-disciples-20061220
fan-zhenyu--yang-junjie,范振钰,杨俊杰,False,央视2006年公开师承表列录；个体拜师细节待补。,src-cctv-fan-zhenyu-disciples-20061220
fan-zhenyu--yu-zhiyong,范振钰,于志勇,True,央视2006年公开师承表列“于志勇”；“于志远”异写待核。,src-cctv-fan-zhenyu-disciples-20061220
fan-zhenyu--zhang-deqi,范振钰,张德起,False,央视2006年公开师承表列录；个体拜师细节待补。,src-cctv-fan-zhenyu-disciples-20061220
fan-zhenyu--zhao-jinsheng,范振钰,赵津生,False,央视2006年公开师承表列录；个体拜师细节待补。,src-cctv-fan-zhenyu-disciples-20061220
feng-gong--jia-ling,冯巩,贾玲,False,2004年正式拜师并有公开报道。,src-wiki-lineage / src-360-feng-gong-disciples / src-huanqiu-feng-gong-lineage
feng-kunzhi--gao-deguang,冯崑治,高德光,False,,src-wiki-lineage
feng-kunzhi--gao-deliang,冯崑治,高德亮,False,,src-wiki-lineage
feng-kunzhi--gao-deming,冯崑治,高德明,False,,src-wiki-lineage
fu-yougen--fan-ruiting,富有根,范瑞亭,True,现行参考表所列；央视2007年旧谱另列沈竹善门下，保留两说。,src-wiki-lineage
fu-yougen--yu-delong,富有根,裕德隆,False,,src-wiki-lineage
gao-deliang--gao-fengshan,高德亮,高凤山,False,原始师承不变；高德亮自降后，高凤山随之由原始寿字辈顺降为行业通行宝字辈。,src-wiki-lineage
gao-fengshan--bi-xuexiang,高凤山,毕学祥,False,,src-wiki-lineage
gao-fengshan--chen-xuefu,高凤山,陈学富,False,,src-wiki-lineage
gao-fengshan--cui-qi,高凤山,崔琦,False,,src-wiki-lineage
gao-fengshan--lai-baogang,高凤山,来宝刚,False,,src-wiki-lineage
gao-fengshan--li-shaojie,高凤山,李少杰,False,,src-wiki-lineage
gao-fengshan--li-shiru,高凤山,李世儒,False,,src-wiki-lineage
gao-fengshan--li-xuehong,高凤山,李学宏,False,,src-wiki-lineage
gao-fengshan--liang-houmin,高凤山,梁厚民,False,带艺投师。,src-wiki-lineage
gao-fengshan--shi-fuquan,高凤山,石富宽,False,高凤山一脉按行业通行辈分整体下移一辈，石富宽归文字辈。,src-wiki-lineage
gao-fengshan--zhang-changlai,高凤山,张长来,False,,src-wiki-lineage
gao-fengshan--zhang-wenfu,高凤山,张文甫,True,中国广播网记载的高派快板拜师关系；相声门归属与字辈待考。,src-cnr-zhang-wenfu-20090722
gao-yingpei--su-mingjie,高英培,苏明杰,False,苏明杰为苏文茂之子；正式师承按参考表列高英培，父子关系不代替师徒关系。,src-wiki-lineage
gao-yuankun--li-lishan,高元钧,李立山,False,,src-wiki-lineage
guo-degang--cao-heyang,郭德纲,曹鹤阳,False,沿用现有鹤字科师承名录。移除原先由曹云金人物混同造成的“后独立发展”争议标记。,src-wiki-lineage
guo-degang--cao-jiutai,郭德纲,曹九台,False,名单列为在职。,src-ifeng-guo-genealogy-2016
guo-degang--cao-yunjin,郭德纲,曹云金,False,记录曾有的授艺与师徒历史，不代表目前仍列在德云社家谱；2010年组织退出与2016年家谱除名见独立事件。,src-chinanews-cao-response-2016 / src-ifeng-guo-response-2016
guo-degang--chen-jiufu,郭德纲,陈九福,False,名单列为淡出。,src-ifeng-guo-genealogy-2016
guo-degang--chen-jiupin,郭德纲,陈九品,False,名单列为淡出。,src-ifeng-guo-genealogy-2016
guo-degang--chen-jiutong,郭德纲,陈九桐,False,名单列为淡出。,src-ifeng-guo-genealogy-2016
guo-degang--chen-xiaohua,郭德纲,陈霄华,False,名单列为2022清除。,src-ifeng-guo-genealogy-2016
guo-degang--chi-hexiong,郭德纲,啜鹤雄,False,名单列入清门除名。,src-ifeng-guo-genealogy-2016
guo-degang--dong-jiuhan,郭德纲,董九涵,False,名单列为在职。,src-ifeng-guo-genealogy-2016
guo-degang--dong-jiuli,郭德纲,董九力,False,名单列为在职。,src-ifeng-guo-genealogy-2016
guo-degang--du-helai,郭德纲,杜鹤来,False,名单列主动退出，不为清门除名。,src-ifeng-guo-genealogy-2016
guo-degang--fan-xiaoqi,郭德纲,范霄琦,False,名单列为在职。,src-ifeng-guo-genealogy-2016
guo-degang--fan-xiaotang,郭德纲,樊霄堂,False,名单列为在职。,src-ifeng-guo-genealogy-2016
guo-degang--fang-hedi,郭德纲,房鹤迪,False,名单列跨平台演出。,src-ifeng-guo-genealogy-2016
guo-degang--gao-hepeng,郭德纲,高鹤鹏,False,名单列为淡出。,src-ifeng-guo-genealogy-2016
guo-degang--gao-jiucheng,郭德纲,高九成,False,名单列为在职。,src-ifeng-guo-genealogy-2016
guo-degang--guan-hebai,郭德纲,关鹤柏,False,名单列为在职。,src-ifeng-guo-genealogy-2016
guo-degang--guan-jiuhai,郭德纲,关九海,False,名单列为在职。,src-ifeng-guo-genealogy-2016
guo-degang--guo-heming,郭德纲,郭鹤鸣,False,清单提示郭德纲家谱逐出。,src-ifeng-guo-genealogy-2016
guo-degang--han-hexiao,郭德纲,韩鹤晓,False,名单标注“摘字查看”，非彻底清门。,src-ifeng-guo-genealogy-2016
guo-degang--han-jiuming,郭德纲,韩九鸣,False,名单列为淡出。,src-ifeng-guo-genealogy-2016
guo-degang--he-jiuhua,郭德纲,何九华,False,名单列为在职。,src-ifeng-guo-genealogy-2016
guo-degang--he-yunwei,郭德纲,何云伟,False,记录历史师徒关系；何云伟2010年退社后仍称师徒关系保持，2016年家谱除名另有事件，不删除历史边。,src-cri-he-li-interview-2010 / src-chinanews-cao-response-2016
guo-degang--hou-helian,郭德纲,侯鹤廉,False,名单列2019主动退出。,src-ifeng-guo-genealogy-2016
guo-degang--ji-hewu,郭德纲,姬鹤武,False,名单列为鹤字科淡出舞台。,src-ifeng-guo-genealogy-2016
guo-degang--jin-helan,郭德纲,靳鹤岚,False,名单列为在职。,src-ifeng-guo-genealogy-2016
guo-degang--jin-henian,郭德纲,金鹤年,False,名单列为较少登台。,src-ifeng-guo-genealogy-2016
guo-degang--kong-yunlong,郭德纲,孔云龙,False,2006年拜师，云字科序列成员。,src-ifeng-guo-genealogy-2016
guo-degang--lang-heyan,郭德纲,郎鹤炎,False,参考师承表郭德纲门下科名录；按第九代收录。,src-wiki-lineage
guo-degang--li-hebiao,郭德纲,李鹤彪,False,名单列为鹤字科在职成员。,src-ifeng-guo-genealogy-2016
guo-degang--li-hedong,郭德纲,李鹤东,False,名单列为在职。,src-ifeng-guo-genealogy-2016
guo-degang--li-helin,郭德纲,李鹤林,False,名单列为鹤字科在职成员。,src-ifeng-guo-genealogy-2016
guo-degang--li-hepu,郭德纲,李鹤浦,False,名单列为家谱收录且未登台。,src-ifeng-guo-genealogy-2016
guo-degang--li-jiuchong,郭德纲,李九重,False,名单列为在职。,src-ifeng-guo-genealogy-2016
guo-degang--li-jiuchun,郭德纲,李九春,False,名单列为在职。,src-ifeng-guo-genealogy-2016
guo-degang--li-jiujiang,郭德纲,李九江,False,名单列为在职。,src-ifeng-guo-genealogy-2016
guo-degang--li-jiutian,郭德纲,李九天,False,名单列为在职。,src-ifeng-guo-genealogy-2016
guo-degang--li-yunjie,郭德纲,李云杰,False,列表为在职成员；另有评书师承并行不构成郭德纲师承冲突。,src-ifeng-guo-genealogy-2016
guo-degang--li-yuntian,郭德纲,李云天,False,按云字科名录录入。,src-ifeng-guo-genealogy-2016
guo-degang--liu-hechun,郭德纲,刘鹤春,False,列为鹤字科在职成员。,src-ifeng-guo-genealogy-2016
guo-degang--liu-heqing,郭德纲,刘鹤清,False,名单列为鹤字科淡出。,src-ifeng-guo-genealogy-2016
guo-degang--liu-heying,郭德纲,刘鹤英,False,名单显示已转幕后，未清门。,src-ifeng-guo-genealogy-2016
guo-degang--liu-jiuren,郭德纲,刘九仁,False,名单列为淡出。,src-ifeng-guo-genealogy-2016
guo-degang--liu-jiuru,郭德纲,刘九儒,False,名单列为在职。,src-ifeng-guo-genealogy-2016
guo-degang--liu-jiusi,郭德纲,刘九思,False,名单列为在职。,src-ifeng-guo-genealogy-2016
guo-degang--luan-hehua,郭德纲,栾鹤华,False,名单列为淡出。,src-ifeng-guo-genealogy-2016
guo-degang--luan-yunping,郭德纲,栾云平,False,,src-wiki-lineage
guo-degang--ma-zhaozhuang,郭德纲,马兆壮,True,口盟关系，按清单不计入正式入室弟子。,src-sina-guo-koumeng
guo-degang--mei-jiuliang,郭德纲,梅九亮,False,名单列为主动退出，未清门。,src-ifeng-guo-genealogy-2016
guo-degang--meng-hetang,郭德纲,孟鹤堂,False,参考师承表郭德纲门下科名录；按第九代收录。,src-wiki-lineage
guo-degang--ni-jiutao,郭德纲,倪九涛,False,名单列为在外发展。,src-ifeng-guo-genealogy-2016
guo-degang--ning-yunxiang,郭德纲,宁云祥,False,名单列为退出演出但未见清门公告。,src-ifeng-guo-genealogy-2016
guo-degang--ou-di,郭德纲,欧弟,True,口盟关系，按清单不计入正式入室弟子。,src-sina-guo-koumeng
guo-degang--qi-hetao,郭德纲,齐鹤涛,False,名单列为淡出。,src-ifeng-guo-genealogy-2016
guo-degang--qin-xiaoxian,郭德纲,秦霄贤,False,名单列为在职。,src-ifeng-guo-genealogy-2016
guo-degang--shang-jiuxi,郭德纲,尚九熙,False,名单列为主动退出，未清门。,src-ifeng-guo-genealogy-2016
guo-degang--shao-bing,郭德纲,烧饼,False,参考师承表郭德纲门下科名录；按第九代收录。,src-wiki-lineage
guo-degang--sun-jiuxiang,郭德纲,孙九香,False,名单列为主动退出，未清门。,src-ifeng-guo-genealogy-2016
guo-degang--tao-yunsheng,郭德纲,陶云圣,False,名单为在职演员，曾在麒麟剧社活动。,src-ifeng-guo-genealogy-2016
guo-degang--wang-hejiang,郭德纲,王鹤江,False,名单列为淡出。,src-ifeng-guo-genealogy-2016
guo-degang--wang-jiulong,郭德纲,王九龙,False,名单列为在职。,src-ifeng-guo-genealogy-2016
guo-degang--wang-xiaoyi,郭德纲,王霄颐,False,名单列为在职。,src-ifeng-guo-genealogy-2016
guo-degang--wang-yaozong,郭德纲,王耀宗,True,口盟关系，按清单不计入正式入室弟子。,src-sina-guo-koumeng
guo-degang--wu-hechen,郭德纲,吴鹤臣,False,名单列为淡出并未公开清门。,src-ifeng-guo-genealogy-2016
guo-degang--yan-hexiang,郭德纲,阎鹤祥,False,名单列为在职成员。,src-ifeng-guo-genealogy-2016
guo-degang--yan-yunda,郭德纲,闫云达,False,清单为口头及其公开退社说明显示为主动退出，未见郭德纲公开清门。,src-ifeng-guo-genealogy-2016
guo-degang--yang-heling,郭德纲,杨鹤灵,False,名单标注离世。,src-ifeng-guo-genealogy-2016
guo-degang--yang-jiulang,郭德纲,杨九郎,False,师承沿用百科名录。官方演出通报不作为正式拜师日期的证据。,src-wiki-guo-degang
guo-degang--yu-hezhen,郭德纲,于鹤真,False,名单列为在职。,src-ifeng-guo-genealogy-2016
guo-degang--yu-yunti,郭德纲,于云田,False,名单记为家谱收录且有早年学员赐字背景。,src-ifeng-guo-genealogy-2016
guo-degang--yu-yunting,郭德纲,于云霆,False,名单将其列为口盟转正式，先行按云字科收录，待逐人核验。,src-ifeng-guo-genealogy-2016
guo-degang--yue-yunpeng,郭德纲,岳云鹏,False,,src-wiki-lineage
guo-degang--zhang-hefan,郭德纲,张鹤帆,False,名单列转幕后。,src-ifeng-guo-genealogy-2016
guo-degang--zhang-hefeng,郭德纲,张鹤峰,False,名单列为淡出。,src-ifeng-guo-genealogy-2016
guo-degang--zhang-hejian,郭德纲,张鹤舰,False,名单列为淡出。,src-ifeng-guo-genealogy-2016
guo-degang--zhang-hejun,郭德纲,张鹤君,False,名单列为在职成员。,src-ifeng-guo-genealogy-2016
guo-degang--zhang-heluan,郭德纲,张鹤栾,False,名单列为淡出。,src-ifeng-guo-genealogy-2016
guo-degang--zhang-helun,郭德纲,张鹤伦,False,参考师承表郭德纲门下科名录；按第九代收录。,src-wiki-lineage
guo-degang--zhang-hewen,郭德纲,张鹤雯,False,名单列为淡出。,src-ifeng-guo-genealogy-2016
guo-degang--zhang-jiuchi,郭德纲,张九驰,False,名单列为淡出。,src-ifeng-guo-genealogy-2016
guo-degang--zhang-jiulin,郭德纲,张九林,False,名单列为在职。,src-ifeng-guo-genealogy-2016
guo-degang--zhang-jiuling,郭德纲,张九龄,False,名单列为在职。,src-ifeng-guo-genealogy-2016
guo-degang--zhang-jiunan,郭德纲,张九南,False,名单列为在职。,src-ifeng-guo-genealogy-2016
guo-degang--zhang-jiutai,郭德纲,张九泰,False,名单列为在职。,src-ifeng-guo-genealogy-2016
guo-degang--zhang-kang,郭德纲,张康,True,口盟关系，按清单不计入正式入室弟子。,src-sina-guo-koumeng
guo-degang--zhang-xiaobai,郭德纲,张霄白,False,名单列为在职。,src-ifeng-guo-genealogy-2016
guo-degang--zhang-yunfan,郭德纲,张云藩,False,名单中列有云字科成员，当前公开活动较少。,src-ifeng-guo-genealogy-2016
guo-degang--zhang-yunlei,郭德纲,张云雷,False,,src-wiki-lineage
guo-degang--zheng-jiulian,郭德纲,郑九莲,False,名单列为在职。,src-ifeng-guo-genealogy-2016
guo-degang--zhou-jiuliang,郭德纲,周九良,False,参考师承表郭德纲门下科名录；按第九代收录。,src-wiki-lineage
guo-degang--zhu-hesong,郭德纲,朱鹤松,False,名单列为2015谢师仪式转正。,src-ifeng-guo-genealogy-2016
guo-degang--zhu-yunfeng,郭德纲,朱云峰,False,艺名烧饼，名录列为正式门下弟子。,src-ifeng-guo-genealogy-2016
guo-degang--gao-hecai,郭德纲,高鹤彩,False,鹤字科成员；已离开德云社演出，未见公开清门记录。,src-ifeng-guo-genealogy-2016
guo-degang--yang-hetong,郭德纲,杨鹤通,False,鹤字科成员，艺名杨鹤通。,src-ifeng-guo-genealogy-2016
guo-degang--liang-hekeng,郭德纲,梁鹤坤,False,鹤字科成员；公开活动较少。,src-ifeng-guo-genealogy-2016
guo-degang--zhong-hexuan,郭德纲,钟鹤轩,False,鹤字科成员；现已离开行业。,src-ifeng-guo-genealogy-2016
guo-degang--ma-heqi,郭德纲,马鹤琪,False,鹤字科成员；目前主要在外地发展。,src-ifeng-guo-genealogy-2016
guo-degang--sun-hebao,郭德纲,孙鹤宝,False,鹤字科成员，名录列为在职。,src-ifeng-guo-genealogy-2016
guo-qiru--quan-changbao,郭启儒,全常保,False,补齐现有演员的上游师承；按参考表对应代际收录。,src-wiki-lineage
guo-rongqi--chang-baoting,郭荣起,常宝霆,False,,src-wiki-lineage
guo-rongqi--yang-shaohua,郭荣起,杨少华,True,天津圈多按郭荣起口传弟子、宝字辈相待；严格行规说认为未正式摆知，属海清，另有归文字辈说，未有统一定论。,src-wiki-lineage
guo-ruilin--hou-yichen,郭瑞林,侯一尘,False,,src-wiki-lineage
guo-ruilin--tan-boru,郭瑞林,谭伯如,False,,src-wiki-lineage
hou-baolin--ding-guangquan,侯宝林,丁广泉,False,北京日报记1973年正式拜师；1964年应考及后续书信不是正式拜师年份。,src-wiki-lineage / src-bjd-ding-obit-2018
hou-baolin--hao-aimin,侯宝林,郝爱民,False,,src-wiki-lineage
hou-baolin--huang-tieliang,侯宝林,黄铁良,False,,src-wiki-lineage
hou-baolin--jia-jiguang,侯宝林,贾冀光,False,,src-wiki-lineage
hou-baolin--ma-ji,侯宝林,马季,False,,src-wiki-lineage
hou-baolin--shi-shengjie,侯宝林,师胜杰,False,,src-wiki-lineage
hou-baolin--wu-zhaonan,侯宝林,吴兆南,False,1982年香港演出期间完成拜师仪式；1979年意愿与正式仪式分别记录。,src-wiki-lineage / src-merit-wu-2009
hou-baolin--yang-ziyang,侯宝林,杨紫阳,False,,src-wiki-lineage
hou-yaowen--chen-hanbai,侯耀文,陈寒柏,False,,src-wiki-lineage
hou-yaowen--guo-degang,侯耀文,郭德纲,False,公开报道确认2004年拜侯耀文为师；其他问艺经历不构成本关系的争议依据。,src-wiki-lineage / src-bjnews-guo-hou-2006
hou-yaowen--qi-zhi,侯耀文,奇志,False,,src-wiki-lineage
hou-yichen--chang-baolin,侯一尘,常宝霖,False,,src-wiki-lineage
jiang-kun--da-shan,姜昆,大山,False,央视谱系列入。,src-wiki-lineage / src-cctv-lineage-20070624
jiang-kun--ju-hao,姜昆,句号,False,央视与既有谱系均收录句号（句兆杰）。,src-wiki-lineage / src-cctv-lineage-20070624
jiao-dehai--chang-lianan,焦德海,常连安,False,,src-wiki-lineage
jiao-dehai--li-shouzeng,焦德海,李寿增,False,,src-wiki-lineage
jiao-dehai--yu-junbo,焦德海,于俊波,False,,src-wiki-lineage
jiao-dehai--zhang-shouchen,焦德海,张寿臣,False,,src-wiki-lineage
jiao-dehai--zhu-kuoquan,焦德海,朱阔泉,False,,src-wiki-lineage
jiao-shouhai--zhao-peiru,焦寿海,赵佩茹,False,,src-wiki-lineage
kang-guisheng--chen-xi,康桂生,陈曦,False,江西文演集团演出介绍确认师承；拜师日期待补。,src-jxwy-jin-chen-20220223
li-boxiang--dai-zhicheng,李伯祥,戴志诚,False,,src-wiki-lineage
li-dexiang--ma-shouyan,李德祥,马寿岩,False,,src-wiki-lineage
li-jindou--da-bing,李金斗,大兵,False,,src-wiki-lineage
li-shaojie--jin-fei,李少杰,金霏,False,快板师承，跨曲种保留；不替代王谦祥相声师承。,src-cnbpat-jin-fei-20220830 / src-ifeng-jin-chen-interview-20170602
li-shouzeng--zhang-zhenqi,李寿增,张振圻,False,参考师承表将张振圻列在李寿增门下。,src-wiki-lineage
li-zengrui--li-ding,李增瑞,李丁,False,,src-wiki-lineage
lian-xiuquan--wang-benlin,连秀全,王本林,False,补齐现有演员的上游师承；按参考表对应代际收录。,src-wiki-lineage
liu-baorui--tang-jiezhong,刘宝瑞,唐杰忠,False,,src-wiki-lineage
liu-baorui--yin-wenshuo,刘宝瑞,殷文硕,False,,src-wiki-lineage
liu-dezhi--guo-qiru,刘德智,郭启儒,False,,src-wiki-lineage
liu-hongyi--li-weijian,刘洪沂,李伟建,False,,src-wiki-lineage
liu-junjie--zhang-bin,刘俊杰,张斌,True,仅自媒体师承记载，未见摆知仪式或当事人材料。,src-sohu-hulu-liujunjie
liu-junjie--zhang-fengyan,刘俊杰,张峰岩,True,仅自媒体师承记载，未见摆知仪式或当事人材料。,src-sohu-hulu-liujunjie
lu-dejun--chen-yuting,卢德俊,陈雨亭,False,,src-wiki-lineage
lu-dejun--zhao-ailu,卢德俊,赵霭如,False,,src-wiki-lineage
ma-delu--gao-guiqing,马德禄,高桂清,False,,src-wiki-lineage
ma-delu--guo-rongqi,马德禄,郭荣起,False,,src-wiki-lineage
ma-delu--yin-shoushan,马德禄,尹寿山,False,,src-wiki-lineage
ma-ji--feng-gong,马季,冯巩,False,,src-wiki-lineage
ma-ji--han-lancheng,马季,韩兰成,False,,src-wiki-lineage
ma-ji--huang-hong,马季,黄宏,False,,src-wiki-lineage
ma-ji--jiang-kun,马季,姜昆,False,,src-wiki-lineage
ma-ji--li-zengrui,马季,李增瑞,False,,src-wiki-lineage
ma-ji--liu-wei,马季,刘伟,False,,src-wiki-lineage
ma-ji--wang-qianxiang,马季,王谦祥,False,,src-wiki-lineage
ma-ji--xiao-lin,马季,笑林,False,,src-wiki-lineage
ma-ji--zhao-yan,马季,赵炎,False,,src-wiki-lineage
ma-sanli--ban-degui,马三立,班德贵,False,,src-wiki-lineage
ma-sanli--chang-baofeng,马三立,常宝丰,False,,src-wiki-lineage
ma-sanli--chang-baohua,马三立,常宝华,False,,src-wiki-lineage
ma-sanli--fang-xiaowen,马三立,方笑文,False,,src-wiki-lineage
ma-sanli--gao-xiaolin,马三立,高笑临,False,,src-wiki-lineage
ma-sanli--li-wenhua,马三立,李文华,False,,src-wiki-lineage
ma-sanli--lian-xiaokun,马三立,连笑昆,False,,src-wiki-lineage
ma-sanli--ren-xiaohai,马三立,任笑海,False,,src-wiki-lineage
ma-sanli--yan-xiaoru,马三立,阎笑儒,False,,src-wiki-lineage
ma-sanli--yin-xiaosheng,马三立,尹笑声,False,,src-wiki-lineage
ma-sanli--yu-xiaobo,马三立,于笑波,False,,src-wiki-lineage
ma-shouyan--hui-wanhua,马寿岩,回婉华,False,,src-wiki-lineage
ma-zhiming--huang-zumin,马志明,黄族民,True,口头承认师徒、无传统摆知仪式；不作为正式入室弟子。,src-wiki-lineage / src-sina-ma-huangzumin
ma-zhiming--lu-fulai,马志明,卢福来,True,1989年有摆知仪式记载，但马志明本人不认可师徒名分。,src-sina-ma-lufulai-yukezi
ma-zhiming--yu-kezhi,马志明,于克志,True,1989年有摆知仪式记载，但马志明本人不认可师徒名分。,src-sina-ma-lufulai-yukezi
quan-changbao--zheng-wenxi,全常保,郑文喜,False,补齐现有演员的上游师承；按参考表对应代际收录。,src-wiki-lineage
shen-chunhe--feng-kunzhi,沈春和,冯崑治,True,现行参考表列此师承；央视2007年转载天津日报旧谱列朱绍文门下。两种来源并列待考。,src-wiki-lineage
shen-zhushan--fan-ruiting,沈竹善,范瑞亭,True,央视2007年旧谱列沈竹善门下，与现行参考表不同。,src-cctv-lineage-20070624
shen-zhushan--lu-dejun,沈竹善,卢德俊,True,央视2007年旧谱列沈竹善门下，与现行参考表不同。,src-cctv-lineage-20070624
shi-fuquan--hou-zhen,石富宽,侯震,False,,src-wiki-lineage
shi-fuquan--liu-xianwei,石富宽,刘献伟,False,,src-wiki-lineage
shi-fuquan--sun-yue,石富宽,孙越,True,亦见赵小林门下记载。,src-wiki-lineage
shi-fuquan--yu-qian,石富宽,于谦,False,,src-wiki-lineage
shi-shengjie--li-jing,师胜杰,李菁,False,,src-wiki-lineage
su-wenmao--cui-jinquan,苏文茂,崔金泉,False,,src-wiki-lineage
su-wenmao--liu-junjie,苏文茂,刘俊杰,False,,src-wiki-lineage
su-wenmao--song-dequan,苏文茂,宋德全,False,,src-wiki-lineage
su-wenmao--zhao-weizhou,苏文茂,赵伟洲,False,,src-wiki-lineage
tan-boru--chen-yongquan,谭伯如,陈涌泉,False,,src-wiki-lineage
tan-boru--zhao-shizhong,谭伯如,赵世忠,False,,src-wiki-lineage
tong-dafang--zhang-wenshun,佟大方,张文顺,False,,src-wiki-lineage
wang-benlin--zheng-xiaoshan,王本林,郑小山,False,人民网讣告与央广网追思报道均记郑小山师承王本林。,src-wiki-lineage / src-people-zheng-xiaoshan-20190625 / src-cnr-zheng-xiaoshan-20190627
wang-changyou--zhao-zhenduo,王长友,赵振铎,False,,src-wiki-lineage
wang-fengshan--ma-liujia,王凤山,马六甲,False,按参考表归王凤山门下；天津日报2026-01-20另载其为王派快板亲传弟子，曲种需区分。,src-wiki-lineage
wang-peiyuan--meng-qinglong,王佩元,孟庆龙,True,仅短视频自媒体记载，正式摆知待考。,src-douyin-hulu-lineage
wang-qianxiang--jin-fei,王谦祥,金霏,False,相声师承；拜师年份待补。,src-cnbpat-jin-fei-20220830 / src-ifeng-jin-chen-interview-20170602
wang-qianxiang--li-yinfei,王谦祥,李寅飞,False,2014年正式拜师；德云社学员经历不作为郭德纲师承。,src-china-liyinfei-20210729 / src-tsinghua-liyinfei-yepeng
wang-qianxiang--ye-peng,王谦祥,叶蓬,False,2014年同批拜师；京剧家传不并入相声师承。,src-tsinghua-liyinfei-yepeng
wang-shichen--liu-hongyi,王世臣,刘洪沂,False,,src-wiki-lineage
wei-yuancheng--yu-hao,魏元成,玉浩,False,2017年演出介绍载玉浩于2012年8月27日拜魏元成。,src-sohu-luxin-yuhao-ticket-20171115
xia-jinhua--wang-chaozheng,夏锦华,王朝正,True,仅短视频自媒体记载，正式摆知待考。,src-douyin-hulu-lineage
xu-youlu--jiao-dehai,徐有禄,焦德海,False,,src-wiki-lineage
xu-youlu--liu-dezhi,徐有禄,刘德智,False,,src-wiki-lineage
xu-youlu--lu-dejun,徐有禄,卢德俊,True,现行参考表所列；央视2007年旧谱另列沈竹善门下，保留两说。,src-wiki-lineage
yu-junbo--guo-quanbao,于俊波,郭全宝,False,,src-wiki-lineage
yu-qian--feng-zhaoyang,于谦,冯照洋,False,,src-wiki-lineage
yu-qian--guo-fenyang,于谦,郭汾阳,True,原目录收录的师承说法待补直接出处。当前所引总表不足以核实，不作已确认的正式拜师关系；详见2026-09-12核查记录。新华社及采访记载的家庭口头称谓未明确姓名与正式摆知程序，仍保留待核。,src-wiki-lineage / src-chinanews-guo-fenyang-20150122
yu-qian--guo-qilin,于谦,郭麒麟,False,,src-wiki-lineage
yu-qian--li-siming,于谦,李斯明,False,,src-wiki-lineage
yu-qian--tai-rongjian,于谦,太荣剑,False,,src-wiki-lineage
yu-qian--wu-suowei,于谦,吴所谓,True,原目录收录的师承说法待补直接出处。当前所引总表不足以核实，不作已确认的正式拜师关系；详见2026-09-12核查记录。,src-wiki-lineage
yu-qian--xiao-long-guo-zihao,于谦,小龙,True,原目录收录的师承说法待补直接出处。当前所引总表不足以核实，不作已确认的正式拜师关系；详见2026-09-12核查记录。,src-wiki-lineage
zhang-sanlu--a-yantao,张三禄,阿彦涛,True,三大派源头关系待考。,src-wiki-lineage
zhang-sanlu--shen-chunhe,张三禄,沈春和,True,三大派源头关系待考。,src-wiki-lineage
zhang-sanlu--zhu-shaowen,张三禄,朱绍文,True,与朱绍文是否直系尚待考证。,src-wiki-lineage
zhang-shouchen--chang-baokun,张寿臣,常宝堃,False,,src-wiki-lineage
zhang-shouchen--chang-baoqing,张寿臣,常宝庆,False,由田立禾代拉师弟。,src-wiki-lineage
zhang-shouchen--liu-baorui,张寿臣,刘宝瑞,False,,src-wiki-lineage
zhang-shouchen--tong-dafang,张寿臣,佟大方,False,,src-wiki-lineage
zhao-ailu--wang-changyou,赵霭如,王长友,False,,src-wiki-lineage
zhao-peiru--chang-guitian,赵佩茹,常贵田,False,,src-wiki-lineage
zhao-peiru--gao-yingpei,赵佩茹,高英培,False,,src-wiki-lineage
zhao-peiru--hou-yaowen,赵佩茹,侯耀文,False,1994年李伯祥代已故赵佩茹收徒；门内师承不表示赵佩茹本人直接面授。具体月日为受访者带记忆限定的说法，暂不定日。,src-wiki-lineage / src-cctv-hou-yaowen-2007
zhao-peiru--li-boxiang,赵佩茹,李伯祥,False,李伯祥本人采访称赵佩茹为恩师。,src-wiki-lineage / src-cctv-hou-yaowen-2007
zhao-shizhong--kang-guisheng,赵世忠,康桂生,False,公开师承表记录，康桂生个体生平待补。,src-wiki-lineage
zhao-zhenduo--li-jindou,赵振铎,李金斗,False,,src-wiki-lineage
zheng-hongwei--lu-xin,郑宏伟,卢鑫,True,演出介绍称卢鑫师承郑宏伟，尚无独立摆知仪式材料；郑宏伟于2026年公开声明解除师徒关系，保留历史待考边。,src-sohu-luxin-yuhao-ticket-20171115
zheng-wenxi--wang-sheng,郑文喜,王声,False,补齐现有演员的上游师承；按参考表对应代际收录。,src-wiki-lineage
zheng-xiaoshan--miao-fu,郑小山,苗阜,False,补齐现有演员的上游师承；按参考表对应代际收录。,src-wiki-lineage
zheng-xiaoshan--wei-yuancheng,郑小山,魏元成,False,央视公开师承表列录。,src-cctv-fan-zhenyu-disciples-20061220
zheng-xiaoshan--zheng-hongwei,郑小山,郑宏伟,False,郑宏伟正式师承郑小山；父亲郑文喜为家传授艺，不建立门内师承边。,src-baike-zheng-hongwei / src-people-zheng-xiaoshan-20190625
zhou-deshan--lian-xiuquan,周德山,连秀全,False,,src-wiki-lineage
zhou-deshan--ma-sanli,周德山,马三立,False,中国文联刊载《曲艺》资料明确记载拜周德山为师；父亲马德禄与兄长的传艺属于家学。,src-wiki-lineage / src-cflac-ma-sanli-20210420
zhu-kuoquan--hou-baolin,朱阔泉,侯宝林,False,早年收养，后正式收徒。,src-wiki-lineage
zhu-kuoquan--ma-zhiming,朱阔泉,马志明,False,马志明本人回忆1986年由侯宝林代朱阔泉收徒。记录门内师承，不表示朱阔泉直接面授；父亲马三立家庭传艺另述。,src-wiki-lineage / src-bjnews-ma-zhiming-2006
zhu-kuoquan--wang-fengshan,朱阔泉,王凤山,False,,src-wiki-lineage
zhu-shaowen--chun-changlong,朱绍文,春长隆,True,央视2007年转载天津日报旧谱列此师承，与现行参考表不同。,src-cctv-lineage-20070624
zhu-shaowen--fan-youyuan,朱绍文,范有缘,False,,src-wiki-lineage
zhu-shaowen--feng-kunzhi,朱绍文,冯崑治,True,央视2007年转载天津日报旧谱列此师承，与现行参考表不同。,src-cctv-lineage-20070624
zhu-shaowen--fu-yougen,朱绍文,富有根,False,,src-wiki-lineage
zhu-shaowen--shen-zhushan,朱绍文,沈竹善,True,央视旧谱所列；现行参考表另列阿彦涛。,src-cctv-lineage-20070624
zhu-shaowen--xu-youlu,朱绍文,徐有禄,False,,src-wiki-lineage
feng-gong--song-ning,冯巩,宋宁,False,宋宁为冯巩正式弟子之一，央视及媒体有明确报道。,src-huanqiu-songning-2002 / src-huanqiu-feng-gong-lineage / src-cctv-lineage-20070624
feng-gong--pan-binlong,冯巩,潘斌龙,False,中戏汇报演出后入门，2004年媒体报道正式拜师。,src-360-feng-gong-disciples / src-huanqiu-feng-gong-lineage / src-cctv-lineage-20070624
feng-gong--bai-kainan,冯巩,白凯南,False,中戏毕业后正式拜师，央视及媒体记录。,src-huanqiu-baikainan-2004 / src-huanqiu-feng-gong-lineage / src-cctv-lineage-20070624
feng-gong--cao-suifeng,冯巩,曹随风,False,2007年登台被师父赏识并拜师口径。,src-iesdouyin-cao-suifeng / src-wiki-lineage / src-cctv-lineage-20070624
feng-gong--he-jun,冯巩,何军,True,现仅见谱系条目。,src-allhistory-feng-gong-lineage
feng-gong--li-mingyu,冯巩,李鸣宇,True,现仅见谱系条目。,src-allhistory-feng-gong-lineage
feng-gong--hou-linlin,冯巩,侯林林,True,现仅见谱系条目。,src-allhistory-feng-gong-lineage
feng-gong--geng-qiang,冯巩,耿强,True,现仅见谱系条目。,src-allhistory-feng-gong-lineage
feng-gong--mo-hong,冯巩,莫宏,True,现仅见谱系条目。,src-allhistory-feng-gong-lineage
feng-gong--wang-tong,冯巩,王彤,True,现仅见谱系条目。,src-allhistory-feng-gong-lineage
jiang-kun--tang-aiguo,姜昆,唐爱国,False,央视族谱列为马季→姜昆→唐爱国。,src-cctv-lineage-20070624
jiang-kun--qi-liqiang,姜昆,齐立强,True,仅见谱系收录。,src-cctv-lineage-20070624
jiang-kun--liu-quanhe,姜昆,刘全和,True,仅见谱系收录。,src-cctv-lineage-20070624
jiang-kun--liu-quanli,姜昆,刘全利,True,仅见谱系收录。,src-cctv-lineage-20070624
jiang-kun--liu-hui,姜昆,刘惠,True,仅见谱系收录。,src-cctv-lineage-20070624
jiang-kun--lu-ming,姜昆,陆鸣,True,仅见谱系收录。,src-cctv-lineage-20070624
jiang-kun--sun-chen,姜昆,孙晨,True,仅见谱系收录。,src-cctv-lineage-20070624
jiang-kun--deng-xiaolin,姜昆,邓小林,True,仅见谱系收录。,src-cctv-lineage-20070624
jiang-kun--xu-yong,姜昆,许勇,True,仅见谱系收录。,src-cctv-lineage-20070624
jiang-kun--zhao-weiguo,姜昆,赵卫国,True,仅见谱系收录。,src-cctv-lineage-20070624
jiang-kun--baishua,姜昆,白桦,True,仅见谱系收录。,src-cctv-lineage-20070624
jiang-kun--li-danan,姜昆,李道南,True,仅见谱系收录。,src-cctv-lineage-20070624
jiang-kun--xiao-wenlan,姜昆,夏文兰,True,仅见谱系收录。,src-cctv-lineage-20070624
jiang-kun--ni-ming,姜昆,倪明,True,仅见谱系收录。,src-cctv-lineage-20070624
jiang-kun--xu-wen,姜昆,徐文,True,仅见谱系收录。,src-cctv-lineage-20070624
jiang-kun--guo-dan,姜昆,郭丹,True,仅见谱系收录。,src-cctv-lineage-20070624
jiang-kun--cao-shuguang,姜昆,曹曙光,True,仅见谱系收录。,src-cctv-lineage-20070624
jiang-kun--xu-huimin,姜昆,徐惠民,False,2006年12月新加坡正式拜师，有完整引保代信息。,src-lidicity-maji-baishi-2006
jiang-kun--qiu-shengyang,姜昆,邱胜扬,False,2006年12月新加坡正式拜师，有完整引保代信息。,src-lidicity-maji-baishi-2006
han-lancheng--fan-jun,韩兰成,范军,False,谱系+百科共识。,src-cctv-lineage-20070624 / src-baike-han-lancheng
han-lancheng--yu-xiaofei,韩兰成,于小飞,False,谱系+百科共识。,src-cctv-lineage-20070624 / src-baike-han-lancheng
wang-qianxiang--guo-peixin,王谦祥,郭培鑫,True,央视谱系有列，待补待确认资料。,src-cctv-lineage-20070624
ma-ji--chang-peiye,马季,常佩业,True,公开谱系中出现，未检到单独拜师细节。,src-wiki-lineage
ma-ji--liu-xiyao,马季,刘喜尧,True,公开谱系中出现，未检到单独拜师细节。,src-wiki-lineage
ma-ji--peng-ziyi,马季,彭子义,True,公开谱系中出现，未检到单独拜师细节。,src-wiki-lineage
ma-ji--huang-zhiqiang,马季,黄志强,True,公开谱系中出现，未检到单独拜师细节。,src-wiki-lineage
ma-ji--yin-zhuolin,马季,尹卓林,True,公开谱系中出现，未检到单独拜师细节。,src-wiki-lineage
ma-ji--yao-xinguang,马季,姚新光,True,公开谱系中出现，未检到单独拜师细节。,src-wiki-lineage
ma-ji--li-guoxiu,马季,李国修,True,公开谱系中出现，未检到单独拜师细节。,src-wiki-lineage
ma-ji--zhao-longjun,马季,赵龙军,True,公开谱系中出现，未检到单独拜师细节。,src-wiki-lineage
ma-ji--xing-yingying,马季,邢瑛瑛,True,公开谱系中出现，未检到单独拜师细节。,src-wiki-lineage
ma-ji--liu-lixin,马季,刘立新,True,公开谱系中出现，未检到单独拜师细节。,src-wiki-lineage
ma-ji--hou-guannan,马季,侯冠男,True,公开谱系中出现，未检到单独拜师细节。,src-wiki-lineage
ma-ji--zhang-qing,马季,张庆,True,公开谱系中出现，未检到单独拜师细节。,src-wiki-lineage
zhang-shouchen--tian-lihe,张寿臣,田立禾,False,1953年由富寿岩介绍正式拜师；1950年随杨少奎、富寿岩学习属早期指导。,src-tjl-tian-2010
liu-baorui--xing-wenzhao,刘宝瑞,邢文昭,False,讣告及人物条目记1961年拜师；两者可能同源，不视为独立档案双证。,src-deyunshe-xing-obit / src-xikao-xing
yang-haiquan--yang-zhenhua,杨海荃,杨振华,False,辽宁日报讣告明确1957年拜师；与金炳昶是搭档。,src-lnr-yang-obit-2026
yang-zhenhua--ji-yuan,杨振华,纪元,False,纪元本人在2026年采访回忆2004年拜师。,src-lnr-yang-obit-2026
chen-yian--ye-yijun,陈逸安,叶怡均,False,已确认相声师承；叶怡均另向田连元学评书，不混入本相声谱。,src-ncfta-ye-2020
wei-wenliang--zhu-degang,魏文亮,朱德刚,False,国立传统艺术中心称台湾正式弟子；关系确认，拜师年份本次未核定。,src-ncfta-ye-2020
