id,name,nameHant,aliases,generation,generationIndex,sources
wu-yongfeng,吴勇峰,吳勇峰,,,9,src-miaobei-wu-yongfeng
zhang-kang,张康,,,,9,src-sina-guo-koumeng
qi-zhi,奇志,,,明,8,src-wiki-lineage
xing-wenzhao,邢文昭,,邢克昭,文,7,src-deyunshe-xing-obit;src-xikao-xing
li-danan,李道南,,,明,8,src-wiki-lineage;src-cctv-lineage-20070624
zhong-hexuan,钟鹤轩,,,,9,src-ifeng-guo-genealogy-2016
he-jun,何军,,,,9,src-wiki-lineage;src-allhistory-feng-gong-lineage
guo-boliang,郭伯良,,,明,8,src-cctv-fan-zhenyu-disciples-20061220
ji-tianyu,姬天语,姬天語,,,9,src-nccu-crosstalk-2012;src-ncfta-wu-disciples
zhang-zhenqi,张振圻,,,宝,6,src-wiki-lineage
zhang-wenqi,张文琪,,,,7,src-enorth-bai-2012
zhang-hejun,张鹤君,,,,9,src-ifeng-guo-genealogy-2016
chen-hanbai,陈寒柏,,,明,8,src-wiki-lineage
zhang-jiulin,张九林,,,,9,src-ifeng-guo-genealogy-2016
guo-qiru,郭启儒,,,寿,5,src-wiki-lineage
guo-ruilin,郭瑞林,,,德,4,src-wiki-lineage
du-helai,杜鹤来,,,,9,src-ifeng-guo-genealogy-2016
wei-yuancheng,魏元成,,,明,8,src-cctv-lineage-20070624;src-cctv-fan-zhenyu-disciples-20061220;src-sohu-luxin-yuhao-ticket-20171115
ji-hewu,姬鹤武,,,,9,src-ifeng-guo-genealogy-2016
yang-changzai,杨长在,,,,8,src-quyi-2014-apprentices
wang-hejiang,王鹤江,,,,9,src-ifeng-guo-genealogy-2016
hou-yaohua,侯耀华,,,文,7,src-wiki-lineage
shao-bing,烧饼,,朱云峰,,9,src-xinhua-zhihu-lineup-20210126;src-chinanews-south-africa-2025;src-wiki-lineage;src-ifeng-guo-genealogy-2016
peng-ziyi,彭子义,,,明,8,src-wiki-lineage
yu-yunti,于云田,,,,9,src-ifeng-guo-genealogy-2016
jin-fei,金霏,,,,9,src-people-meng-zhou-final-20181029;src-cnbpat-jin-fei-20220830;src-ifeng-jin-chen-interview-20170602
baishua,白桦,,,明,8,src-wiki-lineage;src-cctv-lineage-20070624
lian-xiuquan,连秀全,,,寿,5,src-wiki-lineage
xing-yingying,邢瑛瑛,,,明,8,src-wiki-lineage
dai-zhicheng,戴志诚,,,明,8,src-wiki-lineage
yu-xiaobo,于笑波,,,宝,6,src-wiki-lineage
gao-feng,高峰,,,明,8,src-cctv-fan-zhenyu-disciples-20061220
wang-shichen,王世臣,,,宝,6,src-wiki-lineage
dai-shaofu,戴少甫,,,,6,src-zcst-zhang-2015
wang-zhenquan,王振全,,,,8,src-ntt-wu-siwei;src-more-wang-2026
chang-baofeng,常宝丰,,九蘑菇,宝,6,src-wiki-lineage
en-xu,恩绪,,,,3,src-wiki-lineage
geng-qiang,耿强,,,,9,src-wiki-lineage;src-allhistory-feng-gong-lineage
yuan-xiaoting,袁晓婷,袁曉婷,,,9,src-tvbs-yuan-2010
han-laoda,韩劳达,,韩永元;谭天,,8,src-sccc-han
li-hedong,李鹤东,,李冬,,9,src-ifeng-guo-genealogy-2016
cui-jinquan,崔金泉,,,明,8,src-wiki-lineage
ma-heqi,马鹤琪,,,,9,src-ifeng-guo-genealogy-2016
feng-kunzhi,冯崑治,,,,3,src-wiki-lineage;src-cctv-lineage-20070624
fan-ruiting,范瑞亭,,,德,4,src-wiki-lineage;src-cctv-lineage-20070624
meng-qinglong,孟庆龙,,,,9,src-douyin-hulu-lineage
ni-ming,倪明,,,明,8,src-wiki-lineage;src-cctv-lineage-20070624
su-weisheng,苏维胜,,,,9,src-yu-sinkong-memorial
peng-hua,彭华,,,明,8,src-cctv-fan-zhenyu-disciples-20061220
zhang-shouchen,张寿臣,,,寿,5,src-wiki-lineage;src-zhihu-generation
huang-jiaqiang,黄家强,黃家強,,,9,src-cover-jiang-overseas-2019;src-sccc-xu-2022
li-yinfei,李寅飞,,,,9,src-china-liyinfei-20210729;src-tsinghua-liyinfei-yepeng
gao-jiucheng,高九成,,高成,,9,src-ifeng-guo-genealogy-2016
liu-shimin,刘士民,劉士民,,,8,src-ncaf-beiqu-30
teng-shengxiang,腾生祥,,滕生祥,明,8,src-cctv-fan-zhenyu-disciples-20061220
huang-zhiqiang,黄志强,,,明,8,src-wiki-lineage
duan-yanxi,段彦希,段彥希,,,9,src-ncaf-beiqu-30;src-imedia-ye-2024
cui-qi,崔琦,,,文,7,src-wiki-lineage
chun-changlong,春长隆,,,,3,src-wiki-lineage;src-cctv-lineage-20070624
yang-zhenhua,杨振华,,,,7,src-lnr-yang-obit-2026
liang-hekeng,梁鹤坤,,,,9,src-ifeng-guo-genealogy-2016
sun-hebao,孙鹤宝,,,,9,src-ifeng-guo-genealogy-2016
ma-ji,马季,,马树槐,文,7,src-wiki-lineage;src-wiki-ma-ji;src-cctv-lineage-20070624
wang-chaozheng,王朝正,,,,9,src-douyin-hulu-lineage
jiao-dehai,焦德海,,,德,4,src-wiki-lineage
zhao-longjun,赵龙军,,,明,8,src-wiki-lineage
jiang-kun,姜昆,,,明,8,src-wiki-lineage;src-wiki-jiang-kun;src-cctv-lineage-20070624
yin-xiaosheng,尹笑声,,,宝,6,src-wiki-lineage
niu-qun,牛群,,,文,7,src-wiki-lineage
wang-jindong,王金东,,,文,7,src-douyin-ma-rejected-disciples
zhao-peiru,赵佩茹,,赵宝琛,宝,6,src-wiki-lineage
tang-aiguo,唐爱国,,,明,8,src-wiki-lineage;src-cctv-lineage-20070624
zhang-deqi,张德起,,,明,8,src-cctv-fan-zhenyu-disciples-20061220
ban-degui,班德贵,,,宝,6,src-wiki-lineage
shi-tiantian,施天天,,达伶;達伶,,9,src-focus-shi-tiantiian-2019
zheng-xiaoshan,郑小山,,,文,7,src-wiki-lineage;src-people-zheng-xiaoshan-20190625;src-cnr-zheng-xiaoshan-20190627
jia-ling,贾玲,,,,9,src-wiki-lineage;src-360-feng-gong-disciples;src-huanqiu-feng-gong-lineage
qin-xiaoxian,秦霄贤,,秦凯旋,,9,src-ifeng-guo-genealogy-2016
li-dexi,李德钖,,李德锡;万人迷,德,4,src-wiki-lineage
qi-liqiang,齐立强,,,明,8,src-wiki-lineage;src-cctv-lineage-20070624
fu-yougen,富有根,,富桂祯,,3,src-wiki-lineage
hou-yichen,侯一尘,,,寿,5,src-wiki-lineage
zhang-dequan,张德泉,,张德全,德,4,src-wiki-lineage
tao-yunsheng,陶云圣,,陶阳,,9,src-ifeng-guo-genealogy-2016
ma-shouyan,马寿岩,,,寿,5,src-wiki-lineage
pan-binlong,潘斌龙,,,,9,src-wiki-lineage;src-360-feng-gong-disciples
gao-guiqing,高桂清,,,寿,5,src-wiki-lineage
pan-guicai,潘贵才,,,文,7,src-douyin-ma-rejected-disciples
han-jiuming,韩九鸣,,,,9,src-ifeng-guo-genealogy-2016
da-bing,大兵,,,,9,src-wiki-lineage
yin-wenshuo,殷文硕,,,文,7,src-wiki-lineage;src-baike-lineage-table
hou-baolin,侯宝林,,,宝,6,src-wiki-lineage;src-wiki-hou-baolin
li-mingyu,李鸣宇,,,,9,src-wiki-lineage;src-allhistory-feng-gong-lineage
yan-yunda,闫云达,,闫宗海,,9,src-ifeng-guo-genealogy-2016
liu-lanting,刘兰亭,,,,7,src-quyi-2014-apprentices
yu-qian,于谦,,,明,8,src-wiki-lineage
li-jiujiang,李九江,,,,9,src-ifeng-guo-genealogy-2016
guan-hebai,关鹤柏,,关春生,,9,src-ifeng-guo-genealogy-2016
shen-chunhe,沈春和,,,,2,src-wiki-lineage
deng-xiaolin,邓小林,,,明,8,src-wiki-lineage;src-cctv-lineage-20070624
li-yunjie,李云杰,,,,9,src-ifeng-guo-genealogy-2016
yu-yunting,于云霆,,于思洋;于谦之子,,9,src-ifeng-guo-genealogy-2016
yang-hetong,杨鹤通,,,,9,src-ifeng-guo-genealogy-2016
xu-youlu,徐有禄,,徐长福,,3,src-wiki-lineage
zhang-heluan,张鹤栾,,,,9,src-ifeng-guo-genealogy-2016
li-ding,李丁,,,,9,src-wiki-lineage
yang-shaohua,杨少华,,,宝,6,src-wiki-lineage;src-cnr-yang-shaohua-death-2025
liu-zengkai,刘增锴,劉增鍇,劉增鍇,,8,src-ncfta-wu-disciples;src-nccu-crosstalk-2012
liu-hechun,刘鹤春,,,,9,src-ifeng-guo-genealogy-2016
liu-kuizhen,刘奎珍,,,,6,src-tjdaily-tong-2026
chen-xuefu,陈学富,,,文,7,src-wiki-lineage
zhang-wenfu,张文甫,,张学桐,,7,src-cnr-zhang-wenfu-20090722
chen-jiutong,陈九桐,,,,9,src-ifeng-guo-genealogy-2016
su-wenmao,苏文茂,,苏仲仁,文,7,src-wiki-lineage;src-zhihu-generation
miao-fu,苗阜,,,明,8,src-sohu-qingqu-shanghai-20140521;src-wiki-lineage
luan-yunping,栾云平,,,,9,src-wiki-lineage
liu-jiusi,刘九思,,刘雨庚,,9,src-ifeng-guo-genealogy-2016
li-helin,李鹤林,,,,9,src-ifeng-guo-genealogy-2016
li-shaojie,李少杰,,,文,7,src-wiki-lineage
ou-di,欧弟,,,,9,src-sina-guo-koumeng
fan-xiaoqi,范霄琦,,,,9,src-ifeng-guo-genealogy-2016
ni-jiutao,倪九涛,,,,9,src-ifeng-guo-genealogy-2016
li-jindou,李金斗,,,明,8,src-wiki-lineage
ma-liujia,马六甲,,,文,7,src-wiki-lineage;src-tjrb-ma-liujia-20260120
chang-baolin,常宝霖,,二蘑菇,宝,6,src-wiki-lineage
wang-shutian,王树田,,,,6,src-chaoxing-liuhuo
liu-baorui,刘宝瑞,,刘立棠,宝,6,src-wiki-lineage
gao-deguang,高德光,,,德,4,src-wiki-lineage
zhao-liwu,赵立梧,,,,6,src-jinwan-zhang-2004
chang-lianan,常连安,,,寿,5,src-wiki-lineage
wang-qianxiang,王谦祥,,,明,8,src-wiki-lineage;src-cctv-lineage-20070624
gao-deliang,高德亮,,,寿,5,src-wiki-lineage
lu-dejun,卢德俊,,,德,4,src-wiki-lineage;src-cctv-lineage-20070624
shen-zhushan,沈竹善,,,,3,src-wiki-lineage;src-cctv-lineage-20070624
li-zengrui,李增瑞,,,明,8,src-wiki-lineage
bai-quanfu,白全福,,,宝,6,src-enorth-bai-2012
he-jiuhua,何九华,,,,9,src-ifeng-guo-genealogy-2016
zheng-wenxi,郑文喜,,,文,7,src-wiki-lineage
qiao-tianlan,乔天蓝,喬天藍,,,9,src-udn-liu-disciples-2019
jiao-shouhai,焦寿海,,,寿,5,src-wiki-lineage
li-dexiang,李德祥,,,德,4,src-wiki-lineage
wang-baoshan,王葆山,,,德,4,src-wiki-lineage
chen-jiupin,陈九品,,,,9,src-ifeng-guo-genealogy-2016
chen-qingsheng,陈庆昇,陳慶昇,陈庆升,,8,src-ncaf-beiqu-30
zhang-helun,张鹤伦,,,,9,src-huanqiu-helun-20190121;src-cyol-comedian-round-20190314;src-wiki-lineage
liu-jiuren,刘九仁,,,,9,src-ifeng-guo-genealogy-2016
li-shiru,李世儒,,,文,7,src-wiki-lineage
su-mingjie,苏明杰,,,明,8,src-wiki-lineage
gao-yuankun,高元钧,,,宝,6,src-wiki-lineage
xu-wen,徐文,,,明,8,src-wiki-lineage;src-cctv-lineage-20070624
ye-dushen,叶笃慎,,,,6,src-jinwan-zhang-2004
zhang-hefeng,张鹤峰,,,,9,src-ifeng-guo-genealogy-2016
yang-shaokui,杨少奎,,,,6,src-quyi-2014-apprentices
wei-wenliang,魏文亮,,,,7,src-ncfta-ye-2020
kang-liben,康立本,,,,6,src-jinwan-zhang-2004
ding-guangquan,丁广泉,,,文,7,src-wiki-lineage;src-bjd-ding-obit-2018
huang-zumin,黄族民,,,文,7,src-wiki-lineage;src-sina-ma-huangzumin
wu-yinjie,吴胤颉,吳胤頡,,,9,src-ncaf-beiqu-youth;src-imedia-ye-2024
zhao-zhenduo,赵振铎,,,文,7,src-wiki-lineage
shang-jiuxi,尚九熙,,,,9,src-ifeng-guo-genealogy-2016
wang-chuanlin,王传林,,,明,8,src-cctv-fan-zhenyu-disciples-20061220
ning-yunxiang,宁云祥,,,,9,src-ifeng-guo-genealogy-2016
yue-yunpeng,岳云鹏,,,,9,src-wiki-lineage
bi-xuexiang,毕学祥,,,文,7,src-wiki-lineage
cao-suifeng,曹随风,,,,9,src-wiki-lineage;src-iesdouyin-cao-suifeng;src-huanqiu-feng-gong-lineage
ma-tengxiang,马腾翔,,,明,8,src-cctv-fan-zhenyu-disciples-20061220
ma-delu,马德禄,,,德,4,src-wiki-lineage
ma-zhiming,马志明,,,宝,6,src-wiki-lineage
yan-hexiang,阎鹤祥,,阎鑫,,9,src-ifeng-guo-genealogy-2016
da-shan,大山,,Mark Rowswell,,9,src-wiki-lineage
zhu-shaowen,朱绍文,,穷不怕,,2,src-wiki-lineage
han-lancheng,韩兰成,,韩兰城,明,8,src-wiki-lineage;src-cctv-lineage-20070624
wang-tong,王彤,,,,9,src-wiki-lineage;src-allhistory-feng-gong-lineage
li-lishan,李立山,,,文,7,src-wiki-lineage
jin-helan,靳鹤岚,,,,9,src-ifeng-guo-genealogy-2016
cao-jiutai,曹九台,,,,9,src-ifeng-guo-genealogy-2016
bai-kainan,白凯南,,,,9,src-wiki-lineage;src-huanqiu-baikainan-2004;src-huanqiu-feng-gong-lineage
jiang-nan,江南,,,,8,src-ncfta-wu-disciples;src-nccu-crosstalk-2012
chen-shutong,陈树桐,,,,8,src-quyi-2014-apprentices
feng-zhaoyang,冯照洋,,,,9,src-wiki-lineage
dong-jiuli,董九力,,,,9,src-ifeng-guo-genealogy-2016
fan-youyuan,范有缘,,范长立,,3,src-wiki-lineage
hou-linlin,侯林林,,,,9,src-wiki-lineage;src-allhistory-feng-gong-lineage
zhang-hewen,张鹤雯,,,,9,src-ifeng-guo-genealogy-2016
wei-longhao,魏龙豪,魏龍豪,魏贵宽;魏甦;魏苏,,7,src-wiki-wei-longhao;src-cna-wu-obit-2018
zheng-hongwei,郑宏伟,,,明,8,src-baike-zheng-hongwei;src-people-zheng-xiaoshan-20190625;src-cnr-zheng-xiaoshan-20190627
yu-delong,裕德隆,,,德,4,src-wiki-lineage
guo-kuoquan,广阔泉,,,德,4,src-wiki-lineage
song-minghan,宋明翰,宋明翰,,,9,src-ncaf-beiqu-30;src-imedia-ye-2024;src-ncaf-beiqu-youth
qi-hetao,齐鹤涛,,,,9,src-ifeng-guo-genealogy-2016
tong-dafang,佟大方,,,宝,6,src-wiki-lineage
gao-yingpei,高英培,,,文,7,src-wiki-lineage
yu-shide,于世德,,,,6,src-jinwan-zhang-2004
guo-peixin,郭培鑫,,,明,8,src-wiki-lineage;src-cctv-lineage-20070624
shi-shengjie,师胜杰,,,文,7,src-wiki-lineage
li-xuehong,李学宏,,,文,7,src-wiki-lineage
hui-wanhua,回婉华,,,宝,6,src-wiki-lineage
lu-xin,卢鑫,,,,10,src-cyol-comedian-round-20190314;src-sohu-luxin-yuhao-ticket-20171115
fan-xiaotang,樊霄堂,,,,9,src-ifeng-guo-genealogy-2016
yao-xinguang,姚新光,,,明,8,src-wiki-lineage;src-yu-sinkong-memorial
wang-fengshan,王凤山,,,宝,6,src-wiki-lineage
mo-hong,莫宏,,,,9,src-wiki-lineage;src-allhistory-feng-gong-lineage
chang-baoqing,常宝庆,,,宝,6,src-wiki-lineage
lai-baogang,来宝刚,,,文,7,src-wiki-lineage
yan-guijuan,颜贵娟,顏貴娟,,,9,src-cover-jiang-overseas-2019;src-sccc-xu-2022
chen-jiufu,陈九福,,,,9,src-ifeng-guo-genealogy-2016
li-jiuchun,李九春,,李众军,,9,src-ifeng-guo-genealogy-2016
liu-quanhe,刘全和,,,明,8,src-wiki-lineage;src-cctv-lineage-20070624
chang-baoting,常宝霆,,三蘑菇,宝,6,src-wiki-lineage
cao-heyang,曹鹤阳,,,,9,src-wiki-lineage;src-chinanews-south-africa-2025
jia-jiguang,贾冀光,,贾继光,文,7,src-wiki-lineage
zhang-sanlu,张三禄,,,,1,src-wiki-lineage
li-weijian,李伟建,,,明,8,src-wiki-lineage
li-yuntian,李云天,,,,9,src-ifeng-guo-genealogy-2016
gao-deming,高德明,,,德,4,src-wiki-lineage
fang-hedi,房鹤迪,,房小满,,9,src-ifeng-guo-genealogy-2016
song-shaoqing,宋少卿,宋少卿,,文,7,src-wiki-song-2026
fang-xiaowen,方笑文,,,宝,6,src-wiki-lineage
sun-yue,孙越,,,明,8,src-wiki-lineage
xiao-wenlan,夏文兰,,,明,8,src-wiki-lineage;src-cctv-lineage-20070624
meng-hetang,孟鹤堂,,,,9,src-people-meng-zhou-final-20181029;src-xinhua-zhihu-lineup-20210126;src-wiki-lineage
tong-youwei,佟有为,,,,8,src-tjdaily-tong-2026
tian-lihe,田立禾,,田中敏,宝,6,src-tjl-tian-2010;src-wiki-tian-lihe;src-tjdaily-tian-obit-2026;src-jinwan-zhang-2004
yu-hezhen,于鹤真,,,,9,src-ifeng-guo-genealogy-2016
zhou-jiuliang,周九良,,,,9,src-people-meng-zhou-final-20181029;src-xinhua-zhihu-lineup-20210126;src-wiki-lineage
zhang-hejian,张鹤舰,,,,9,src-ifeng-guo-genealogy-2016
hou-guannan,侯冠男,,,明,8,src-wiki-lineage
shi-fuquan,石富宽,,,文,7,src-wiki-lineage
zheng-jiulian,郑九莲,,,,9,src-ifeng-guo-genealogy-2016
zhao-ailu,赵霭如,,,寿,5,src-wiki-lineage
ji-qingrong,纪庆荣,,,,9,src-yu-sinkong-memorial
liu-lixin,刘立新,,,明,8,src-wiki-lineage
guo-rongqi,郭荣起,,,寿,5,src-wiki-lineage
hao-aimin,郝爱民,,,文,7,src-wiki-lineage
a-yantao,阿彦涛,,,,2,src-wiki-lineage
chen-yuting,陈雨亭,,,寿,5,src-wiki-lineage
guo-heming,郭鹤鸣,,,,9,src-ifeng-guo-genealogy-2016
zhang-jiuchi,张九驰,,,,9,src-ifeng-guo-genealogy-2016
hou-zhen,侯震,,,明,8,src-wiki-lineage
lu-fulai,卢福来,,,文,7,src-sina-ma-lufulai-yukezi
li-jiuchong,李九重,,,,9,src-ifeng-guo-genealogy-2016
zhu-degang,朱德刚,朱德剛,,,8,src-ncfta-ye-2020
yuan-peilou,袁佩楼,,,,6,src-zcst-zhang-2015;src-sd-yuan-chorography;src-jinwan-zhang-2004
chang-guitian,常贵田,,,文,7,src-wiki-lineage
wang-peiyuan,王佩元,,,,8,src-douyin-hulu-lineage
zhao-jinsheng,赵津生,,,明,8,src-cctv-fan-zhenyu-disciples-20061220
lai-deru,来德如,,,德,4,src-wiki-lineage
zhao-weizhou,赵伟洲,,,明,8,src-wiki-lineage
wang-changyou,王长友,,,宝,6,src-wiki-lineage
zhang-bin,张斌,,,,9,src-sohu-hulu-liujunjie
liu-hui,刘惠,,,明,8,src-wiki-lineage;src-cctv-lineage-20070624
yang-shibin,杨世彬,,,,8,src-sccc-han
song-yong,宋勇,,,,7,src-tjdaily-tong-2026;src-enorth-bai-2012;src-quyi-2014-apprentices
ye-yijun,叶怡均,葉怡均,,,8,src-ncfta-ye-2020
liu-jiuru,刘九儒,,,,9,src-ifeng-guo-genealogy-2016
kang-guisheng,康桂生,,,文,7,src-wiki-lineage;src-jxwy-jin-chen-20220223
cong-bo,丛波,,,明,8,src-cctv-fan-zhenyu-disciples-20061220
zhang-jiutai,张九泰,,,,9,src-ifeng-guo-genealogy-2016
song-ning,宋宁,,,,9,src-wiki-lineage;src-huanqiu-songning-2002;src-huanqiu-feng-gong-lineage
gao-fengshan,高凤山,,,宝,6,src-wiki-lineage
li-hepu,李鹤浦,,,,9,src-ifeng-guo-genealogy-2016
guo-fenyang,郭汾阳,,,,9,src-wiki-lineage;src-chinanews-guo-fenyang-20150122
yu-junbo,于俊波,,俊波,寿,5,src-wiki-lineage
fan-guangyao,樊光耀,樊光耀,,,8,src-ncfta-wu-disciples;src-nccu-crosstalk-2012
hua-ziyuan,华子元,,华德茂,德,4,src-wiki-lineage;src-chaoxing-liuhuo
quan-changbao,全常保,,,宝,6,src-wiki-lineage
liu-quanli,刘全利,,,明,8,src-wiki-lineage;src-cctv-lineage-20070624
yang-jiulang,杨九郎,,,,9,src-wiki-guo-degang;src-qingdao-notice-2019
lian-xiaokun,连笑昆,,,宝,6,src-wiki-lineage
xia-jinhua,夏锦华,,,,8,src-douyin-hulu-lineage
huang-jinzhong,黄金忠,,,,9,src-sccc-xu-2022
wu-zhaonan,吴兆南,,照南;吳兆南,文,7,src-wiki-lineage;src-cna-wu-obit-2018;src-wiki-wu-zhaonan-2026;src-merit-wu-2009
chang-baohua,常宝华,,四蘑菇,宝,6,src-wiki-lineage
chang-guide,常贵德,,,,8,src-wiki-lineage
zhang-yunlei,张云雷,,,,9,src-wiki-lineage
fan-jun,范军,,,明,8,src-wiki-lineage;src-cctv-lineage-20070624;src-baike-han-lancheng
yang-yi,杨议,,,,8,src-wiki-lineage
sun-chen,孙晨,,,明,8,src-wiki-lineage;src-cctv-lineage-20070624
li-boren,李伯仁,,,文,7,src-wiki-lineage
hou-yaowen,侯耀文,,,文,7,src-wiki-lineage;src-cctv-hou-yaowen-2007
yu-baolin,于宝林,,,,7,src-tjdaily-tong-2026
liu-hongyi,刘洪沂,,,文,7,src-wiki-lineage
yu-zhiyong,于志勇,,于志远,明,8,src-cctv-fan-zhenyu-disciples-20061220
zhang-changlai,张长来,,,文,7,src-wiki-lineage
yang-haiquan,杨海荃,,,,6,src-lnr-yang-obit-2026
zhang-hefan,张鹤帆,,,,9,src-ifeng-guo-genealogy-2016
wu-suowei,吴所谓,,吴京之子,,9,src-wiki-lineage
guo-qilin,郭麒麟,,,,9,src-wiki-lineage
cao-yunjin,曹云金,,,,9,src-chinanews-cao-response-2016;src-iqiyi-cao-exit-2010;src-ifeng-guo-response-2016
huang-hong,黄宏,,,明,8,src-wiki-lineage
qiu-shengyang,邱胜扬,,,,9,src-wiki-lineage;src-lidicity-maji-baishi-2006;src-cover-jiang-overseas-2019;src-zaobao-xu-2020
wang-yaozong,王耀宗,,,,9,src-sina-guo-koumeng
li-shouzeng,李寿增,,,寿,5,src-wiki-lineage
ma-zhaozhuang,马兆壮,,,,9,src-sina-guo-koumeng
cao-dekui,曹德奎,,曹麻子,德,4,src-wiki-lineage
li-wenhua,李文华,,,宝,6,src-wiki-lineage
zhang-yunfan,张云藩,,,,9,src-ifeng-guo-genealogy-2016
wu-siwei,吴思伟,吳思偉,,,9,src-ntt-wu-siwei;src-ncaf-beiqu-30
huang-tieliang,黄铁良,,,文,7,src-wiki-lineage
yin-shoushan,尹寿山,,,寿,5,src-wiki-lineage
yang-ziyang,杨紫阳,,,文,7,src-wiki-lineage
li-guoxiu,李国修,,,明,8,src-wiki-lineage
feng-yigang,冯翊纲,馮翊綱,,文,7,src-wiki-feng-2026
he-yunwei,何云伟,,,,9,src-jinghua-he-li-exit-2010;src-cri-he-li-interview-2010;src-chinanews-cao-response-2016
xiao-long-guo-zihao,小龙,,郭子豪,,9,src-wiki-lineage
zhang-xiaobai,张霄白,,,,9,src-ifeng-guo-genealogy-2016
ma-sanli,马三立,,马桂福,寿,5,src-wiki-lineage;src-wiki-ma-sanli;src-cflac-ma-sanli-20210420
zhao-weiguo,赵卫国,,,明,8,src-wiki-lineage;src-cctv-lineage-20070624
yang-junjie,杨俊杰,,,明,8,src-cctv-fan-zhenyu-disciples-20061220
kong-yunlong,孔云龙,,,,9,src-ifeng-guo-genealogy-2016
wang-wenlin,王文林,,王惠麟,文,7,src-wiki-wang-wenlin-2026
yang-heling,杨鹤灵,,,,9,src-ifeng-guo-genealogy-2016
gao-xiaolin,高笑临,,,宝,6,src-wiki-lineage
liu-xiyao,刘喜尧,,,明,8,src-wiki-lineage
xiao-lin,笑林,,,明,8,src-wiki-lineage
luo-caiwu,骆采舞,,,德,4,src-wiki-lineage;src-cctv-lineage-20070624
li-yaoguang,李耀光,,,,10,src-sccc-xu-2022;src-zaobao-xu-2020
he-shiming,何世铭,,,明,8,src-cctv-fan-zhenyu-disciples-20061220
wang-sheng,王声,,,明,8,src-sohu-qingqu-shanghai-20140521;src-wiki-lineage
feng-lizhang,冯立章,,冯立璋,,6,src-zcst-zhang-2015;src-jinwan-zhang-2004
tang-jiezhong,唐杰忠,,,文,7,src-wiki-lineage
chi-hexiong,啜鹤雄,,,,9,src-ifeng-guo-genealogy-2016
chen-yian,陈逸安,陳逸安,,,7,src-ncfta-ye-2020;src-cna-wu-obit-2018
ma-shuchun,马树春,,,,8,src-tjdaily-tong-2026
wang-benlin,王本林,,,宝,6,src-wiki-lineage;src-cnr-zheng-xiaoshan-20190627
cao-shuguang,曹曙光,,,明,8,src-wiki-lineage;src-cctv-lineage-20070624
chen-yongquan,陈涌泉,,,宝,6,src-wiki-lineage;src-baike-generation
han-hexiao,韩鹤晓,,,,9,src-ifeng-guo-genealogy-2016
li-jing,李菁,,,明,8,src-wiki-lineage
zhu-hesong,朱鹤松,,,,9,src-ifeng-guo-genealogy-2016
chen-xi,陈曦,,,明,8,src-people-meng-zhou-final-20181029;src-jxwy-jin-chen-20220223
liu-dezhi,刘德智,,,德,4,src-wiki-lineage
chen-xiaohua,陈霄华,,,,9,src-ifeng-guo-genealogy-2016
zhang-fengyan,张峰岩,,张丰岩,,9,src-sohu-hulu-liujunjie
luan-hehua,栾鹤华,,,,9,src-ifeng-guo-genealogy-2016
dai-zhizhai,戴致斋,,,德,4,src-wiki-lineage
huang-yihao,黄逸豪,黃逸豪,,,8,src-ncaf-beiqu-30
ju-hao,句号,,句兆杰,,9,src-wiki-lineage;src-cctv-lineage-20070624
li-jiutian,李九天,,,,9,src-ifeng-guo-genealogy-2016
li-hebiao,李鹤彪,,李国勇,,9,src-ifeng-guo-genealogy-2016
wu-hechen,吴鹤臣,,,,9,src-ifeng-guo-genealogy-2016
liu-heying,刘鹤英,,,,9,src-ifeng-guo-genealogy-2016
liu-junjie,刘俊杰,,,明,8,src-wiki-lineage
xie-ruizhi,谢芮芝,,,德,4,src-wiki-lineage
chen-ruizhen,陈瑞珍,,,,9,src-sccc-xu-2022
zhang-qing,张庆,,,明,8,src-wiki-lineage
liu-xianwei,刘献伟,,,明,8,src-wiki-lineage
xie-xiaoling,谢小玲,謝小玲,,,8,src-ncaf-beiqu-30
guan-jiuhai,关九海,,关思宇,,9,src-ifeng-guo-genealogy-2016
zhang-jiuling,张九龄,,张仲元,,9,src-ifeng-guo-genealogy-2016
wang-xiaoyi,王霄颐,,,,9,src-ifeng-guo-genealogy-2016
song-dequan,宋德全,,,明,8,src-wiki-lineage
yu-kezhi,于克志,,,文,7,src-sina-ma-lufulai-yukezi
yan-xiaoru,阎笑儒,,,宝,6,src-wiki-lineage
liu-wei,刘伟,,,明,8,src-wiki-lineage
gao-hecai,高鹤彩,,,,9,src-ifeng-guo-genealogy-2016
mei-jiuliang,梅九亮,,,,9,src-ifeng-guo-genealogy-2016
guo-dan,郭丹,,,明,8,src-wiki-lineage;src-cctv-lineage-20070624
ji-yuan,纪元,,,,8,src-lnr-yang-obit-2026
sun-jiuxiang,孙九香,,,,9,src-ifeng-guo-genealogy-2016
chang-baokun,常宝堃,,小蘑菇;常立桐,宝,6,src-wiki-lineage
tai-rongjian,太荣剑,,,,9,src-wiki-lineage
wang-jiulong,王九龙,,,,9,src-ifeng-guo-genealogy-2016
hong-ziyan,洪子晏,洪子晏,,,9,src-ncaf-beiqu-youth
ye-peng,叶蓬,,,,9,src-tsinghua-liyinfei-yepeng
yin-zhuolin,尹卓林,,,明,8,src-wiki-lineage
xu-yong,许勇,,,明,8,src-wiki-lineage;src-cctv-lineage-20070624
jin-henian,金鹤年,,,,9,src-ifeng-guo-genealogy-2016
zhang-wenshun,张文顺,,,文,7,src-wiki-lineage
yang-zhigang,杨志刚,,,,7,src-enorth-bai-2012
chang-peiye,常佩业,,,明,8,src-wiki-lineage
fu-di,傅谛,傅諦,,,8,src-nccu-crosstalk-2012
feng-gong,冯巩,,,明,8,src-wiki-lineage;src-cctv-lineage-20070624
guo-degang,郭德纲,,,明,8,src-wiki-lineage;src-wiki-guo-degang;src-bjnews-guo-hou-2006;src-chinanews-cao-response-2016;src-ifeng-guo-response-2016
ai-tianyi,艾天意,艾天意,,,9,src-udn-liu-disciples-2019
fan-zhenyu,范振钰,,,文,7,src-wiki-lineage;src-wiki-fan-zhenyu;src-sohu-guo-fan-partnership-20090727;src-iqiyi-gao-fan-diaoyu-2017
yu-hao,玉浩,,张玉浩;张乐浩,,9,src-cyol-comedian-round-20190314;src-sohu-luxin-yuhao-ticket-20171115
ren-xiaohai,任笑海,,,宝,6,src-wiki-lineage
yu-xiaofei,于小飞,,,明,8,src-wiki-lineage;src-cctv-lineage-20070624;src-baike-han-lancheng
liang-houmin,梁厚民,,,文,7,src-wiki-lineage
lu-ming,陆鸣,,,明,8,src-wiki-lineage;src-cctv-lineage-20070624
zhao-shizhong,赵世忠,,,宝,6,src-wiki-lineage
li-siming,李斯明,,,,9,src-wiki-lineage
guo-quanbao,郭全宝,,,宝,6,src-wiki-lineage
zhao-yan,赵炎,,,明,8,src-wiki-lineage
gao-yufeng,高玉峰,,,德,4,src-wiki-lineage
hou-helian,侯鹤廉,,,,9,src-ifeng-guo-genealogy-2016
liu-heqing,刘鹤清,,,,9,src-ifeng-guo-genealogy-2016
liu-chunshan,刘春山,,,明,8,src-cctv-fan-zhenyu-disciples-20061220
liu-erjin,刘尔金,劉爾金,,,8,src-ncfta-wu-disciples;src-nccu-crosstalk-2012
zhou-deshan,周德山,,周蛤蟆,德,4,src-wiki-lineage
zhang-jiunan,张九南,,张剑宇,,9,src-ifeng-guo-genealogy-2016
gao-hepeng,高鹤鹏,,,,9,src-ifeng-guo-genealogy-2016
hou-guanqun,侯冠群,侯冠群,,,8,src-ncfta-wu-disciples;src-nccu-crosstalk-2012
lang-zuyun,郎祖筠,郎祖筠,,,8,src-ncfta-wu-disciples;src-nccu-crosstalk-2012
tan-boru,谭伯如,,,寿,5,src-wiki-lineage
chen-zizhen,陈子贞,,,德,4,src-wiki-lineage
xu-huimin,徐惠民,,,,9,src-wiki-lineage;src-lidicity-maji-baishi-2006;src-cover-jiang-overseas-2019;src-zaobao-xu-2020
lang-heyan,郎鹤炎,,,,9,src-huanqiu-helun-20190121;src-cyol-comedian-round-20190314;src-wiki-lineage
fang-guoqun,房国群,,,,7,src-enorth-bai-2012
li-boxiang,李伯祥,,,文,7,src-wiki-lineage
dong-jiuhan,董九涵,,,,9,src-ifeng-guo-genealogy-2016
zhu-kuoquan,朱阔泉,,羊倌朱;大面包,寿,5,src-wiki-lineage;src-wiki-zhu-kuoquan
