id,from,to,note,sources
a-yantao--chun-changlong,a-yantao,chun-changlong,现行参考表列此师承；央视2007年转载天津日报旧谱列朱绍文门下。两种来源并列待考。,src-wiki-lineage
a-yantao--en-xu,a-yantao,en-xu,,src-wiki-lineage
a-yantao--shen-zhushan,a-yantao,shen-zhushan,现行参考表所列；央视旧谱另列朱绍文。,src-wiki-lineage
ban-degui--fan-zhenyu,ban-degui,fan-zhenyu,,src-wiki-lineage
cao-dekui--gao-fengshan,cao-dekui,gao-fengshan,技艺师承：学习数来宝、快板；与高德亮所传相声门户并列记录。,src-wiki-lineage
chang-baohua--hou-yaohua,chang-baohua,hou-yaohua,,src-wiki-lineage
chang-baohua--niu-qun,chang-baohua,niu-qun,,src-wiki-lineage
chang-baokun--li-boren,chang-baokun,li-boren,,src-wiki-lineage
chang-baokun--su-wenmao,chang-baokun,su-wenmao,,src-wiki-lineage
chang-lianan--gao-yuankun,chang-lianan,gao-yuankun,,src-wiki-lineage
chen-yuting--wang-shichen,chen-yuting,wang-shichen,,src-wiki-lineage
chun-changlong--ma-delu,chun-changlong,ma-delu,正式摆知师承：按马氏支脉资料，春长隆为马德禄公开摆知确立的正式师父。,src-wiki-lineage
en-xu--chen-zizhen,en-xu,chen-zizhen,官方谱系资料增补条目，与常见十一人名录并列记录。,src-wiki-lineage
en-xu--dai-zhizhai,en-xu,dai-zhizhai,,src-wiki-lineage
en-xu--gao-yufeng,en-xu,gao-yufeng,,src-wiki-lineage
en-xu--guo-kuoquan,en-xu,guo-kuoquan,,src-wiki-lineage
en-xu--hua-ziyuan,en-xu,hua-ziyuan,,src-wiki-lineage;src-chaoxing-liuhuo
en-xu--lai-deru,en-xu,lai-deru,,src-wiki-lineage
en-xu--li-dexi,en-xu,li-dexi,,src-wiki-lineage
en-xu--li-dexiang,en-xu,li-dexiang,,src-wiki-lineage
en-xu--luo-caiwu,en-xu,luo-caiwu,央视2007年名录列恩绪门下；现行参考表标问号，仍保留待考，不补写入室、拜师日期等细节。,src-wiki-lineage;src-cctv-lineage-20070624
en-xu--ma-delu,en-xu,ma-delu,开蒙师承：马德禄十三岁起随恩绪学艺；其公开摆知的正式师父另记春长隆。,src-wiki-lineage
en-xu--wang-baoshan,en-xu,wang-baoshan,,src-wiki-lineage
en-xu--xie-ruizhi,en-xu,xie-ruizhi,,src-wiki-lineage
en-xu--zhang-dequan,en-xu,zhang-dequan,,src-wiki-lineage
fan-ruiting--jiao-shouhai,fan-ruiting,jiao-shouhai,参考师承表：范瑞亭传焦寿海。,src-wiki-lineage
fan-youyuan--guo-ruilin,fan-youyuan,guo-ruilin,,src-wiki-lineage
fan-youyuan--zhou-deshan,fan-youyuan,zhou-deshan,,src-wiki-lineage
fan-zhenyu--cong-bo,fan-zhenyu,cong-bo,央视2006年公开师承表列录；个体拜师细节待补。,src-cctv-fan-zhenyu-disciples-20061220
fan-zhenyu--gao-feng,fan-zhenyu,gao-feng,央视2006年公开师承表列录；其余曲种学习经历不并入此师承线。,src-cctv-fan-zhenyu-disciples-20061220
fan-zhenyu--guo-boliang,fan-zhenyu,guo-boliang,央视2006年公开师承表列录；个体拜师细节待补。,src-cctv-fan-zhenyu-disciples-20061220
fan-zhenyu--he-shiming,fan-zhenyu,he-shiming,央视2006年公开师承表列录；个体拜师细节待补。,src-cctv-fan-zhenyu-disciples-20061220
fan-zhenyu--liu-chunshan,fan-zhenyu,liu-chunshan,央视2006年公开师承表列录；个体拜师细节待补。,src-cctv-fan-zhenyu-disciples-20061220
fan-zhenyu--ma-tengxiang,fan-zhenyu,ma-tengxiang,央视2006年公开师承表列录；个体拜师细节待补。,src-cctv-fan-zhenyu-disciples-20061220
fan-zhenyu--peng-hua,fan-zhenyu,peng-hua,央视2006年公开师承表列录；个体拜师细节待补。,src-cctv-fan-zhenyu-disciples-20061220
fan-zhenyu--teng-shengxiang,fan-zhenyu,teng-shengxiang,央视2006年公开师承表列录；姓名异写及个体拜师细节待补。,src-cctv-fan-zhenyu-disciples-20061220
fan-zhenyu--wang-chuanlin,fan-zhenyu,wang-chuanlin,央视2006年公开师承表列录；其他曲种师承另行核验。,src-cctv-fan-zhenyu-disciples-20061220
fan-zhenyu--yang-junjie,fan-zhenyu,yang-junjie,央视2006年公开师承表列录；个体拜师细节待补。,src-cctv-fan-zhenyu-disciples-20061220
fan-zhenyu--yu-zhiyong,fan-zhenyu,yu-zhiyong,央视2006年公开师承表列“于志勇”；“于志远”异写待核。,src-cctv-fan-zhenyu-disciples-20061220
fan-zhenyu--zhang-deqi,fan-zhenyu,zhang-deqi,央视2006年公开师承表列录；个体拜师细节待补。,src-cctv-fan-zhenyu-disciples-20061220
fan-zhenyu--zhao-jinsheng,fan-zhenyu,zhao-jinsheng,央视2006年公开师承表列录；个体拜师细节待补。,src-cctv-fan-zhenyu-disciples-20061220
feng-gong--jia-ling,feng-gong,jia-ling,2004年正式拜师并有公开报道。,src-wiki-lineage;src-360-feng-gong-disciples;src-huanqiu-feng-gong-lineage
feng-kunzhi--gao-deguang,feng-kunzhi,gao-deguang,,src-wiki-lineage
feng-kunzhi--gao-deliang,feng-kunzhi,gao-deliang,,src-wiki-lineage
feng-kunzhi--gao-deming,feng-kunzhi,gao-deming,,src-wiki-lineage
fu-yougen--fan-ruiting,fu-yougen,fan-ruiting,现行参考表所列；央视2007年旧谱另列沈竹善门下，保留两说。,src-wiki-lineage
fu-yougen--yu-delong,fu-yougen,yu-delong,,src-wiki-lineage
gao-deliang--gao-fengshan,gao-deliang,gao-fengshan,原始师承不变；高德亮自降后，高凤山随之由原始寿字辈顺降为行业通行宝字辈。,src-wiki-lineage
gao-fengshan--bi-xuexiang,gao-fengshan,bi-xuexiang,,src-wiki-lineage
gao-fengshan--chen-xuefu,gao-fengshan,chen-xuefu,,src-wiki-lineage
gao-fengshan--cui-qi,gao-fengshan,cui-qi,,src-wiki-lineage
gao-fengshan--lai-baogang,gao-fengshan,lai-baogang,,src-wiki-lineage
gao-fengshan--li-shaojie,gao-fengshan,li-shaojie,,src-wiki-lineage
gao-fengshan--li-shiru,gao-fengshan,li-shiru,,src-wiki-lineage
gao-fengshan--li-xuehong,gao-fengshan,li-xuehong,,src-wiki-lineage
gao-fengshan--liang-houmin,gao-fengshan,liang-houmin,带艺投师。,src-wiki-lineage
gao-fengshan--shi-fuquan,gao-fengshan,shi-fuquan,高凤山一脉按行业通行辈分整体下移一辈，石富宽归文字辈。,src-wiki-lineage
gao-fengshan--zhang-changlai,gao-fengshan,zhang-changlai,,src-wiki-lineage
gao-fengshan--zhang-wenfu,gao-fengshan,zhang-wenfu,中国广播网记载的高派快板拜师关系；相声门归属与字辈待考。,src-cnr-zhang-wenfu-20090722
gao-yingpei--su-mingjie,gao-yingpei,su-mingjie,苏明杰为苏文茂之子；正式师承按参考表列高英培，父子关系不代替师徒关系。,src-wiki-lineage
gao-yuankun--li-lishan,gao-yuankun,li-lishan,,src-wiki-lineage
guo-degang--cao-heyang,guo-degang,cao-heyang,沿用现有鹤字科师承名录。移除原先由曹云金人物混同造成的“后独立发展”争议标记。,src-wiki-lineage
guo-degang--cao-jiutai,guo-degang,cao-jiutai,名单列为在职。,src-ifeng-guo-genealogy-2016
guo-degang--cao-yunjin,guo-degang,cao-yunjin,记录曾有的授艺与师徒历史，不代表目前仍列在德云社家谱；2010年组织退出与2016年家谱除名见独立事件。,src-chinanews-cao-response-2016;src-ifeng-guo-response-2016
guo-degang--chen-jiufu,guo-degang,chen-jiufu,名单列为淡出。,src-ifeng-guo-genealogy-2016
guo-degang--chen-jiupin,guo-degang,chen-jiupin,名单列为淡出。,src-ifeng-guo-genealogy-2016
guo-degang--chen-jiutong,guo-degang,chen-jiutong,名单列为淡出。,src-ifeng-guo-genealogy-2016
guo-degang--chen-xiaohua,guo-degang,chen-xiaohua,名单列为2022清除。,src-ifeng-guo-genealogy-2016
guo-degang--chi-hexiong,guo-degang,chi-hexiong,名单列入清门除名。,src-ifeng-guo-genealogy-2016
guo-degang--dong-jiuhan,guo-degang,dong-jiuhan,名单列为在职。,src-ifeng-guo-genealogy-2016
guo-degang--dong-jiuli,guo-degang,dong-jiuli,名单列为在职。,src-ifeng-guo-genealogy-2016
guo-degang--du-helai,guo-degang,du-helai,名单列主动退出，不为清门除名。,src-ifeng-guo-genealogy-2016
guo-degang--fan-xiaoqi,guo-degang,fan-xiaoqi,名单列为在职。,src-ifeng-guo-genealogy-2016
guo-degang--fan-xiaotang,guo-degang,fan-xiaotang,名单列为在职。,src-ifeng-guo-genealogy-2016
guo-degang--fang-hedi,guo-degang,fang-hedi,名单列跨平台演出。,src-ifeng-guo-genealogy-2016
guo-degang--gao-hepeng,guo-degang,gao-hepeng,名单列为淡出。,src-ifeng-guo-genealogy-2016
guo-degang--gao-jiucheng,guo-degang,gao-jiucheng,名单列为在职。,src-ifeng-guo-genealogy-2016
guo-degang--guan-hebai,guo-degang,guan-hebai,名单列为在职。,src-ifeng-guo-genealogy-2016
guo-degang--guan-jiuhai,guo-degang,guan-jiuhai,名单列为在职。,src-ifeng-guo-genealogy-2016
guo-degang--guo-heming,guo-degang,guo-heming,清单提示郭德纲家谱逐出。,src-ifeng-guo-genealogy-2016
guo-degang--han-hexiao,guo-degang,han-hexiao,名单标注“摘字查看”，非彻底清门。,src-ifeng-guo-genealogy-2016
guo-degang--han-jiuming,guo-degang,han-jiuming,名单列为淡出。,src-ifeng-guo-genealogy-2016
guo-degang--he-jiuhua,guo-degang,he-jiuhua,名单列为在职。,src-ifeng-guo-genealogy-2016
guo-degang--he-yunwei,guo-degang,he-yunwei,记录历史师徒关系；何云伟2010年退社后仍称师徒关系保持，2016年家谱除名另有事件，不删除历史边。,src-cri-he-li-interview-2010;src-chinanews-cao-response-2016
guo-degang--hou-helian,guo-degang,hou-helian,名单列2019主动退出。,src-ifeng-guo-genealogy-2016
guo-degang--ji-hewu,guo-degang,ji-hewu,名单列为鹤字科淡出舞台。,src-ifeng-guo-genealogy-2016
guo-degang--jin-helan,guo-degang,jin-helan,名单列为在职。,src-ifeng-guo-genealogy-2016
guo-degang--jin-henian,guo-degang,jin-henian,名单列为较少登台。,src-ifeng-guo-genealogy-2016
guo-degang--kong-yunlong,guo-degang,kong-yunlong,2006年拜师，云字科序列成员。,src-ifeng-guo-genealogy-2016
guo-degang--lang-heyan,guo-degang,lang-heyan,参考师承表郭德纲门下科名录；按第九代收录。,src-wiki-lineage
guo-degang--li-hebiao,guo-degang,li-hebiao,名单列为鹤字科在职成员。,src-ifeng-guo-genealogy-2016
guo-degang--li-hedong,guo-degang,li-hedong,名单列为在职。,src-ifeng-guo-genealogy-2016
guo-degang--li-helin,guo-degang,li-helin,名单列为鹤字科在职成员。,src-ifeng-guo-genealogy-2016
guo-degang--li-hepu,guo-degang,li-hepu,名单列为家谱收录且未登台。,src-ifeng-guo-genealogy-2016
guo-degang--li-jiuchong,guo-degang,li-jiuchong,名单列为在职。,src-ifeng-guo-genealogy-2016
guo-degang--li-jiuchun,guo-degang,li-jiuchun,名单列为在职。,src-ifeng-guo-genealogy-2016
guo-degang--li-jiujiang,guo-degang,li-jiujiang,名单列为在职。,src-ifeng-guo-genealogy-2016
guo-degang--li-jiutian,guo-degang,li-jiutian,名单列为在职。,src-ifeng-guo-genealogy-2016
guo-degang--li-yunjie,guo-degang,li-yunjie,列表为在职成员；另有评书师承并行不构成郭德纲师承冲突。,src-ifeng-guo-genealogy-2016
guo-degang--li-yuntian,guo-degang,li-yuntian,按云字科名录录入。,src-ifeng-guo-genealogy-2016
guo-degang--liu-hechun,guo-degang,liu-hechun,列为鹤字科在职成员。,src-ifeng-guo-genealogy-2016
guo-degang--liu-heqing,guo-degang,liu-heqing,名单列为鹤字科淡出。,src-ifeng-guo-genealogy-2016
guo-degang--liu-heying,guo-degang,liu-heying,名单显示已转幕后，未清门。,src-ifeng-guo-genealogy-2016
guo-degang--liu-jiuren,guo-degang,liu-jiuren,名单列为淡出。,src-ifeng-guo-genealogy-2016
guo-degang--liu-jiuru,guo-degang,liu-jiuru,名单列为在职。,src-ifeng-guo-genealogy-2016
guo-degang--liu-jiusi,guo-degang,liu-jiusi,名单列为在职。,src-ifeng-guo-genealogy-2016
guo-degang--luan-hehua,guo-degang,luan-hehua,名单列为淡出。,src-ifeng-guo-genealogy-2016
guo-degang--luan-yunping,guo-degang,luan-yunping,,src-wiki-lineage
guo-degang--ma-zhaozhuang,guo-degang,ma-zhaozhuang,口盟关系，按清单不计入正式入室弟子。,src-sina-guo-koumeng
guo-degang--mei-jiuliang,guo-degang,mei-jiuliang,名单列为主动退出，未清门。,src-ifeng-guo-genealogy-2016
guo-degang--meng-hetang,guo-degang,meng-hetang,参考师承表郭德纲门下科名录；按第九代收录。,src-wiki-lineage
guo-degang--ni-jiutao,guo-degang,ni-jiutao,名单列为在外发展。,src-ifeng-guo-genealogy-2016
guo-degang--ning-yunxiang,guo-degang,ning-yunxiang,名单列为退出演出但未见清门公告。,src-ifeng-guo-genealogy-2016
guo-degang--ou-di,guo-degang,ou-di,口盟关系，按清单不计入正式入室弟子。,src-sina-guo-koumeng
guo-degang--qi-hetao,guo-degang,qi-hetao,名单列为淡出。,src-ifeng-guo-genealogy-2016
guo-degang--qin-xiaoxian,guo-degang,qin-xiaoxian,名单列为在职。,src-ifeng-guo-genealogy-2016
guo-degang--shang-jiuxi,guo-degang,shang-jiuxi,名单列为主动退出，未清门。,src-ifeng-guo-genealogy-2016
guo-degang--shao-bing,guo-degang,shao-bing,朱云峰艺名烧饼，师承表及门下名录确认郭德纲弟子；合并重复人物及师承。,src-wiki-lineage;src-ifeng-guo-genealogy-2016
guo-degang--sun-jiuxiang,guo-degang,sun-jiuxiang,名单列为主动退出，未清门。,src-ifeng-guo-genealogy-2016
guo-degang--tao-yunsheng,guo-degang,tao-yunsheng,名单为在职演员，曾在麒麟剧社活动。,src-ifeng-guo-genealogy-2016
guo-degang--wang-hejiang,guo-degang,wang-hejiang,名单列为淡出。,src-ifeng-guo-genealogy-2016
guo-degang--wang-jiulong,guo-degang,wang-jiulong,名单列为在职。,src-ifeng-guo-genealogy-2016
guo-degang--wang-xiaoyi,guo-degang,wang-xiaoyi,名单列为在职。,src-ifeng-guo-genealogy-2016
guo-degang--wang-yaozong,guo-degang,wang-yaozong,口盟关系，按清单不计入正式入室弟子。,src-sina-guo-koumeng
guo-degang--wu-hechen,guo-degang,wu-hechen,名单列为淡出并未公开清门。,src-ifeng-guo-genealogy-2016
guo-degang--yan-hexiang,guo-degang,yan-hexiang,名单列为在职成员。,src-ifeng-guo-genealogy-2016
guo-degang--yan-yunda,guo-degang,yan-yunda,清单为口头及其公开退社说明显示为主动退出，未见郭德纲公开清门。,src-ifeng-guo-genealogy-2016
guo-degang--yang-heling,guo-degang,yang-heling,名单标注离世。,src-ifeng-guo-genealogy-2016
guo-degang--yang-jiulang,guo-degang,yang-jiulang,师承沿用百科名录。官方演出通报不作为正式拜师日期的证据。,src-wiki-guo-degang
guo-degang--yu-hezhen,guo-degang,yu-hezhen,名单列为在职。,src-ifeng-guo-genealogy-2016
guo-degang--yu-yunti,guo-degang,yu-yunti,名单记为家谱收录且有早年学员赐字背景。,src-ifeng-guo-genealogy-2016
guo-degang--yu-yunting,guo-degang,yu-yunting,名单将其列为口盟转正式，先行按云字科收录，待逐人核验。,src-ifeng-guo-genealogy-2016
guo-degang--yue-yunpeng,guo-degang,yue-yunpeng,,src-wiki-lineage
guo-degang--zhang-hefan,guo-degang,zhang-hefan,名单列转幕后。,src-ifeng-guo-genealogy-2016
guo-degang--zhang-hefeng,guo-degang,zhang-hefeng,名单列为淡出。,src-ifeng-guo-genealogy-2016
guo-degang--zhang-hejian,guo-degang,zhang-hejian,名单列为淡出。,src-ifeng-guo-genealogy-2016
guo-degang--zhang-hejun,guo-degang,zhang-hejun,名单列为在职成员。,src-ifeng-guo-genealogy-2016
guo-degang--zhang-heluan,guo-degang,zhang-heluan,名单列为淡出。,src-ifeng-guo-genealogy-2016
guo-degang--zhang-helun,guo-degang,zhang-helun,参考师承表郭德纲门下科名录；按第九代收录。,src-wiki-lineage
guo-degang--zhang-hewen,guo-degang,zhang-hewen,名单列为淡出。,src-ifeng-guo-genealogy-2016
guo-degang--zhang-jiuchi,guo-degang,zhang-jiuchi,名单列为淡出。,src-ifeng-guo-genealogy-2016
guo-degang--zhang-jiulin,guo-degang,zhang-jiulin,名单列为在职。,src-ifeng-guo-genealogy-2016
guo-degang--zhang-jiuling,guo-degang,zhang-jiuling,名单列为在职。,src-ifeng-guo-genealogy-2016
guo-degang--zhang-jiunan,guo-degang,zhang-jiunan,名单列为在职。,src-ifeng-guo-genealogy-2016
guo-degang--zhang-jiutai,guo-degang,zhang-jiutai,名单列为在职。,src-ifeng-guo-genealogy-2016
guo-degang--zhang-kang,guo-degang,zhang-kang,口盟关系，按清单不计入正式入室弟子。,src-sina-guo-koumeng
guo-degang--zhang-xiaobai,guo-degang,zhang-xiaobai,名单列为在职。,src-ifeng-guo-genealogy-2016
guo-degang--zhang-yunfan,guo-degang,zhang-yunfan,名单中列有云字科成员，当前公开活动较少。,src-ifeng-guo-genealogy-2016
guo-degang--zhang-yunlei,guo-degang,zhang-yunlei,,src-wiki-lineage
guo-degang--zheng-jiulian,guo-degang,zheng-jiulian,名单列为在职。,src-ifeng-guo-genealogy-2016
guo-degang--zhou-jiuliang,guo-degang,zhou-jiuliang,参考师承表郭德纲门下科名录；按第九代收录。,src-wiki-lineage
guo-degang--zhu-hesong,guo-degang,zhu-hesong,名单列为2015谢师仪式转正。,src-ifeng-guo-genealogy-2016
guo-degang--gao-hecai,guo-degang,gao-hecai,鹤字科成员；已离开德云社演出，未见公开清门记录。,src-ifeng-guo-genealogy-2016
guo-degang--yang-hetong,guo-degang,yang-hetong,鹤字科成员，艺名杨鹤通。,src-ifeng-guo-genealogy-2016
guo-degang--liang-hekeng,guo-degang,liang-hekeng,鹤字科成员；公开活动较少。,src-ifeng-guo-genealogy-2016
guo-degang--zhong-hexuan,guo-degang,zhong-hexuan,鹤字科成员；现已离开行业。,src-ifeng-guo-genealogy-2016
guo-degang--ma-heqi,guo-degang,ma-heqi,鹤字科成员；目前主要在外地发展。,src-ifeng-guo-genealogy-2016
guo-degang--sun-hebao,guo-degang,sun-hebao,鹤字科成员，名录列为在职。,src-ifeng-guo-genealogy-2016
guo-qiru--quan-changbao,guo-qiru,quan-changbao,补齐现有演员的上游师承；按参考表对应代际收录。,src-wiki-lineage
guo-rongqi--chang-baoting,guo-rongqi,chang-baoting,,src-wiki-lineage
guo-rongqi--yang-shaohua,guo-rongqi,yang-shaohua,天津圈多按郭荣起口传弟子、宝字辈相待；严格行规说认为未正式摆知，属海清，另有归文字辈说，未有统一定论。,src-wiki-lineage
guo-ruilin--hou-yichen,guo-ruilin,hou-yichen,,src-wiki-lineage
guo-ruilin--tan-boru,guo-ruilin,tan-boru,,src-wiki-lineage
hou-baolin--ding-guangquan,hou-baolin,ding-guangquan,北京日报记1973年正式拜师；1964年应考及后续书信不是正式拜师年份。,src-wiki-lineage;src-bjd-ding-obit-2018
hou-baolin--hao-aimin,hou-baolin,hao-aimin,,src-wiki-lineage
hou-baolin--huang-tieliang,hou-baolin,huang-tieliang,,src-wiki-lineage
hou-baolin--jia-jiguang,hou-baolin,jia-jiguang,,src-wiki-lineage
hou-baolin--ma-ji,hou-baolin,ma-ji,,src-wiki-lineage
hou-baolin--shi-shengjie,hou-baolin,shi-shengjie,,src-wiki-lineage
hou-baolin--wu-zhaonan,hou-baolin,wu-zhaonan,1982年香港演出期间完成拜师仪式；1979年意愿与正式仪式分别记录。,src-wiki-lineage;src-merit-wu-2009
hou-baolin--yang-ziyang,hou-baolin,yang-ziyang,,src-wiki-lineage
hou-yaowen--chen-hanbai,hou-yaowen,chen-hanbai,,src-wiki-lineage
hou-yaowen--guo-degang,hou-yaowen,guo-degang,公开报道确认2004年拜侯耀文为师；其他问艺经历不构成本关系的争议依据。,src-wiki-lineage;src-bjnews-guo-hou-2006
hou-yaowen--qi-zhi,hou-yaowen,qi-zhi,,src-wiki-lineage
hou-yichen--chang-baolin,hou-yichen,chang-baolin,,src-wiki-lineage
jiang-kun--da-shan,jiang-kun,da-shan,央视谱系列入。,src-wiki-lineage;src-cctv-lineage-20070624
jiang-kun--ju-hao,jiang-kun,ju-hao,央视与既有谱系均收录句号（句兆杰）。,src-wiki-lineage;src-cctv-lineage-20070624
jiao-dehai--chang-lianan,jiao-dehai,chang-lianan,,src-wiki-lineage
jiao-dehai--li-shouzeng,jiao-dehai,li-shouzeng,,src-wiki-lineage
jiao-dehai--yu-junbo,jiao-dehai,yu-junbo,,src-wiki-lineage
jiao-dehai--zhang-shouchen,jiao-dehai,zhang-shouchen,,src-wiki-lineage
jiao-dehai--zhu-kuoquan,jiao-dehai,zhu-kuoquan,,src-wiki-lineage
jiao-shouhai--zhao-peiru,jiao-shouhai,zhao-peiru,,src-wiki-lineage
kang-guisheng--chen-xi,kang-guisheng,chen-xi,江西文演集团演出介绍确认师承；拜师日期待补。,src-jxwy-jin-chen-20220223
li-boxiang--dai-zhicheng,li-boxiang,dai-zhicheng,,src-wiki-lineage
li-dexiang--ma-shouyan,li-dexiang,ma-shouyan,,src-wiki-lineage
li-jindou--da-bing,li-jindou,da-bing,,src-wiki-lineage
li-shaojie--jin-fei,li-shaojie,jin-fei,快板师承，跨曲种保留；不替代王谦祥相声师承。,src-cnbpat-jin-fei-20220830;src-ifeng-jin-chen-interview-20170602
li-shouzeng--zhang-zhenqi,li-shouzeng,zhang-zhenqi,参考师承表将张振圻列在李寿增门下。,src-wiki-lineage
li-zengrui--li-ding,li-zengrui,li-ding,,src-wiki-lineage
lian-xiuquan--wang-benlin,lian-xiuquan,wang-benlin,补齐现有演员的上游师承；按参考表对应代际收录。,src-wiki-lineage
liu-baorui--tang-jiezhong,liu-baorui,tang-jiezhong,,src-wiki-lineage
liu-baorui--yin-wenshuo,liu-baorui,yin-wenshuo,,src-wiki-lineage
liu-dezhi--guo-qiru,liu-dezhi,guo-qiru,,src-wiki-lineage
liu-hongyi--li-weijian,liu-hongyi,li-weijian,,src-wiki-lineage
liu-junjie--zhang-bin,liu-junjie,zhang-bin,仅自媒体师承记载，未见摆知仪式或当事人材料。,src-sohu-hulu-liujunjie
liu-junjie--zhang-fengyan,liu-junjie,zhang-fengyan,仅自媒体师承记载，未见摆知仪式或当事人材料。,src-sohu-hulu-liujunjie
lu-dejun--chen-yuting,lu-dejun,chen-yuting,,src-wiki-lineage
lu-dejun--zhao-ailu,lu-dejun,zhao-ailu,,src-wiki-lineage
ma-delu--gao-guiqing,ma-delu,gao-guiqing,,src-wiki-lineage
ma-delu--guo-rongqi,ma-delu,guo-rongqi,,src-wiki-lineage
ma-delu--yin-shoushan,ma-delu,yin-shoushan,,src-wiki-lineage
ma-ji--feng-gong,ma-ji,feng-gong,,src-wiki-lineage
ma-ji--han-lancheng,ma-ji,han-lancheng,,src-wiki-lineage
ma-ji--huang-hong,ma-ji,huang-hong,,src-wiki-lineage
ma-ji--jiang-kun,ma-ji,jiang-kun,,src-wiki-lineage
ma-ji--li-zengrui,ma-ji,li-zengrui,,src-wiki-lineage
ma-ji--liu-wei,ma-ji,liu-wei,,src-wiki-lineage
ma-ji--wang-qianxiang,ma-ji,wang-qianxiang,,src-wiki-lineage
ma-ji--xiao-lin,ma-ji,xiao-lin,,src-wiki-lineage
ma-ji--zhao-yan,ma-ji,zhao-yan,,src-wiki-lineage
ma-sanli--ban-degui,ma-sanli,ban-degui,,src-wiki-lineage
ma-sanli--chang-baofeng,ma-sanli,chang-baofeng,,src-wiki-lineage
ma-sanli--chang-baohua,ma-sanli,chang-baohua,,src-wiki-lineage
ma-sanli--fang-xiaowen,ma-sanli,fang-xiaowen,,src-wiki-lineage
ma-sanli--gao-xiaolin,ma-sanli,gao-xiaolin,,src-wiki-lineage
ma-sanli--li-wenhua,ma-sanli,li-wenhua,,src-wiki-lineage
ma-sanli--lian-xiaokun,ma-sanli,lian-xiaokun,,src-wiki-lineage
ma-sanli--ren-xiaohai,ma-sanli,ren-xiaohai,,src-wiki-lineage
ma-sanli--yan-xiaoru,ma-sanli,yan-xiaoru,,src-wiki-lineage
ma-sanli--yin-xiaosheng,ma-sanli,yin-xiaosheng,,src-wiki-lineage
ma-sanli--yu-xiaobo,ma-sanli,yu-xiaobo,,src-wiki-lineage
ma-shouyan--hui-wanhua,ma-shouyan,hui-wanhua,,src-wiki-lineage
ma-zhiming--huang-zumin,ma-zhiming,huang-zumin,口头承认师徒、无传统摆知仪式；不作为正式入室弟子。,src-wiki-lineage;src-sina-ma-huangzumin
ma-zhiming--lu-fulai,ma-zhiming,lu-fulai,1989年有摆知仪式记载，但马志明本人不认可师徒名分。,src-sina-ma-lufulai-yukezi
ma-zhiming--yu-kezhi,ma-zhiming,yu-kezhi,1989年有摆知仪式记载，但马志明本人不认可师徒名分。,src-sina-ma-lufulai-yukezi
quan-changbao--zheng-wenxi,quan-changbao,zheng-wenxi,补齐现有演员的上游师承；按参考表对应代际收录。,src-wiki-lineage
shen-chunhe--feng-kunzhi,shen-chunhe,feng-kunzhi,现行参考表列此师承；央视2007年转载天津日报旧谱列朱绍文门下。两种来源并列待考。,src-wiki-lineage
shen-zhushan--fan-ruiting,shen-zhushan,fan-ruiting,央视2007年旧谱列沈竹善门下，与现行参考表不同。,src-cctv-lineage-20070624
shen-zhushan--lu-dejun,shen-zhushan,lu-dejun,央视2007年旧谱列沈竹善门下，与现行参考表不同。,src-cctv-lineage-20070624
shi-fuquan--hou-zhen,shi-fuquan,hou-zhen,,src-wiki-lineage
shi-fuquan--liu-xianwei,shi-fuquan,liu-xianwei,,src-wiki-lineage
shi-fuquan--sun-yue,shi-fuquan,sun-yue,亦见赵小林门下记载。,src-wiki-lineage
shi-fuquan--yu-qian,shi-fuquan,yu-qian,,src-wiki-lineage
shi-shengjie--li-jing,shi-shengjie,li-jing,,src-wiki-lineage
su-wenmao--cui-jinquan,su-wenmao,cui-jinquan,,src-wiki-lineage
su-wenmao--liu-junjie,su-wenmao,liu-junjie,,src-wiki-lineage
su-wenmao--song-dequan,su-wenmao,song-dequan,,src-wiki-lineage
su-wenmao--zhao-weizhou,su-wenmao,zhao-weizhou,,src-wiki-lineage
tan-boru--chen-yongquan,tan-boru,chen-yongquan,,src-wiki-lineage
tan-boru--zhao-shizhong,tan-boru,zhao-shizhong,,src-wiki-lineage
tong-dafang--zhang-wenshun,tong-dafang,zhang-wenshun,,src-wiki-lineage
wang-benlin--zheng-xiaoshan,wang-benlin,zheng-xiaoshan,人民网讣告与央广网追思报道均记郑小山师承王本林。,src-wiki-lineage;src-people-zheng-xiaoshan-20190625;src-cnr-zheng-xiaoshan-20190627
wang-changyou--zhao-zhenduo,wang-changyou,zhao-zhenduo,,src-wiki-lineage
wang-fengshan--ma-liujia,wang-fengshan,ma-liujia,按参考表归王凤山门下；天津日报2026-01-20另载其为王派快板亲传弟子，曲种需区分。,src-wiki-lineage
wang-peiyuan--meng-qinglong,wang-peiyuan,meng-qinglong,仅短视频自媒体记载，正式摆知待考。,src-douyin-hulu-lineage
wang-qianxiang--jin-fei,wang-qianxiang,jin-fei,相声师承；拜师年份待补。,src-cnbpat-jin-fei-20220830;src-ifeng-jin-chen-interview-20170602
wang-qianxiang--li-yinfei,wang-qianxiang,li-yinfei,2014年正式拜师；德云社学员经历不作为郭德纲师承。,src-china-liyinfei-20210729;src-tsinghua-liyinfei-yepeng
wang-qianxiang--ye-peng,wang-qianxiang,ye-peng,2014年同批拜师；京剧家传不并入相声师承。,src-tsinghua-liyinfei-yepeng
wang-shichen--liu-hongyi,wang-shichen,liu-hongyi,,src-wiki-lineage
wei-yuancheng--yu-hao,wei-yuancheng,yu-hao,2017年演出介绍载玉浩于2012年8月27日拜魏元成。,src-sohu-luxin-yuhao-ticket-20171115
xia-jinhua--wang-chaozheng,xia-jinhua,wang-chaozheng,仅短视频自媒体记载，正式摆知待考。,src-douyin-hulu-lineage
xu-youlu--jiao-dehai,xu-youlu,jiao-dehai,,src-wiki-lineage
xu-youlu--liu-dezhi,xu-youlu,liu-dezhi,,src-wiki-lineage
xu-youlu--lu-dejun,xu-youlu,lu-dejun,现行参考表所列；央视2007年旧谱另列沈竹善门下，保留两说。,src-wiki-lineage
yu-junbo--guo-quanbao,yu-junbo,guo-quanbao,,src-wiki-lineage
yu-qian--feng-zhaoyang,yu-qian,feng-zhaoyang,,src-wiki-lineage
yu-qian--guo-fenyang,yu-qian,guo-fenyang,原目录收录的师承说法待补直接出处。当前所引总表不足以核实，不作已确认的正式拜师关系；详见2026-09-12核查记录。新华社及采访记载的家庭口头称谓未明确姓名与正式摆知程序，仍保留待核。,src-wiki-lineage;src-chinanews-guo-fenyang-20150122
yu-qian--guo-qilin,yu-qian,guo-qilin,,src-wiki-lineage
yu-qian--li-siming,yu-qian,li-siming,,src-wiki-lineage
yu-qian--tai-rongjian,yu-qian,tai-rongjian,,src-wiki-lineage
yu-qian--wu-suowei,yu-qian,wu-suowei,原目录收录的师承说法待补直接出处。当前所引总表不足以核实，不作已确认的正式拜师关系；详见2026-09-12核查记录。,src-wiki-lineage
yu-qian--xiao-long-guo-zihao,yu-qian,xiao-long-guo-zihao,原目录收录的师承说法待补直接出处。当前所引总表不足以核实，不作已确认的正式拜师关系；详见2026-09-12核查记录。,src-wiki-lineage
zhang-sanlu--a-yantao,zhang-sanlu,a-yantao,三大派源头关系待考。,src-wiki-lineage
zhang-sanlu--shen-chunhe,zhang-sanlu,shen-chunhe,三大派源头关系待考。,src-wiki-lineage
zhang-sanlu--zhu-shaowen,zhang-sanlu,zhu-shaowen,与朱绍文是否直系尚待考证。,src-wiki-lineage
zhang-shouchen--chang-baokun,zhang-shouchen,chang-baokun,,src-wiki-lineage
zhang-shouchen--chang-baoqing,zhang-shouchen,chang-baoqing,由田立禾代拉师弟。,src-wiki-lineage
zhang-shouchen--liu-baorui,zhang-shouchen,liu-baorui,,src-wiki-lineage
zhang-shouchen--tong-dafang,zhang-shouchen,tong-dafang,,src-wiki-lineage
zhao-ailu--wang-changyou,zhao-ailu,wang-changyou,,src-wiki-lineage
zhao-peiru--chang-guitian,zhao-peiru,chang-guitian,,src-wiki-lineage
zhao-peiru--gao-yingpei,zhao-peiru,gao-yingpei,,src-wiki-lineage
zhao-peiru--hou-yaowen,zhao-peiru,hou-yaowen,1994年李伯祥代已故赵佩茹收徒；门内师承不表示赵佩茹本人直接面授。具体月日为受访者带记忆限定的说法，暂不定日。,src-wiki-lineage;src-cctv-hou-yaowen-2007
zhao-peiru--li-boxiang,zhao-peiru,li-boxiang,李伯祥本人采访称赵佩茹为恩师。,src-wiki-lineage;src-cctv-hou-yaowen-2007
zhao-shizhong--kang-guisheng,zhao-shizhong,kang-guisheng,公开师承表记录，康桂生个体生平待补。,src-wiki-lineage
zhao-zhenduo--li-jindou,zhao-zhenduo,li-jindou,,src-wiki-lineage
zheng-hongwei--lu-xin,zheng-hongwei,lu-xin,演出介绍称卢鑫师承郑宏伟，尚无独立摆知仪式材料；郑宏伟于2026年公开声明解除师徒关系，保留历史待考边。,src-sohu-luxin-yuhao-ticket-20171115
zheng-wenxi--wang-sheng,zheng-wenxi,wang-sheng,补齐现有演员的上游师承；按参考表对应代际收录。,src-wiki-lineage
zheng-xiaoshan--miao-fu,zheng-xiaoshan,miao-fu,补齐现有演员的上游师承；按参考表对应代际收录。,src-wiki-lineage
zheng-xiaoshan--wei-yuancheng,zheng-xiaoshan,wei-yuancheng,央视公开师承表列录。,src-cctv-fan-zhenyu-disciples-20061220
zheng-xiaoshan--zheng-hongwei,zheng-xiaoshan,zheng-hongwei,郑宏伟正式师承郑小山；父亲郑文喜为家传授艺，不建立门内师承边。,src-baike-zheng-hongwei;src-people-zheng-xiaoshan-20190625
zhou-deshan--lian-xiuquan,zhou-deshan,lian-xiuquan,,src-wiki-lineage
zhou-deshan--ma-sanli,zhou-deshan,ma-sanli,中国文联刊载《曲艺》资料明确记载拜周德山为师；父亲马德禄与兄长的传艺属于家学。,src-wiki-lineage;src-cflac-ma-sanli-20210420
zhu-kuoquan--hou-baolin,zhu-kuoquan,hou-baolin,早年收养，后正式收徒。,src-wiki-lineage
zhu-kuoquan--ma-zhiming,zhu-kuoquan,ma-zhiming,马志明本人回忆1986年由侯宝林代朱阔泉收徒。记录门内师承，不表示朱阔泉直接面授；父亲马三立家庭传艺另述。,src-wiki-lineage;src-bjnews-ma-zhiming-2006
zhu-kuoquan--wang-fengshan,zhu-kuoquan,wang-fengshan,,src-wiki-lineage
zhu-shaowen--chun-changlong,zhu-shaowen,chun-changlong,央视2007年转载天津日报旧谱列此师承，与现行参考表不同。,src-cctv-lineage-20070624
zhu-shaowen--fan-youyuan,zhu-shaowen,fan-youyuan,,src-wiki-lineage
zhu-shaowen--feng-kunzhi,zhu-shaowen,feng-kunzhi,央视2007年转载天津日报旧谱列此师承，与现行参考表不同。,src-cctv-lineage-20070624
zhu-shaowen--fu-yougen,zhu-shaowen,fu-yougen,,src-wiki-lineage
zhu-shaowen--shen-zhushan,zhu-shaowen,shen-zhushan,央视旧谱所列；现行参考表另列阿彦涛。,src-cctv-lineage-20070624
zhu-shaowen--xu-youlu,zhu-shaowen,xu-youlu,,src-wiki-lineage
feng-gong--song-ning,feng-gong,song-ning,宋宁为冯巩正式弟子之一，央视及媒体有明确报道。,src-huanqiu-songning-2002;src-huanqiu-feng-gong-lineage;src-cctv-lineage-20070624
feng-gong--pan-binlong,feng-gong,pan-binlong,中戏汇报演出后入门，2004年媒体报道正式拜师。,src-360-feng-gong-disciples;src-huanqiu-feng-gong-lineage;src-cctv-lineage-20070624
feng-gong--bai-kainan,feng-gong,bai-kainan,中戏毕业后正式拜师，央视及媒体记录。,src-huanqiu-baikainan-2004;src-huanqiu-feng-gong-lineage;src-cctv-lineage-20070624
feng-gong--cao-suifeng,feng-gong,cao-suifeng,2007年登台被师父赏识并拜师口径。,src-iesdouyin-cao-suifeng;src-wiki-lineage;src-cctv-lineage-20070624
feng-gong--he-jun,feng-gong,he-jun,现仅见谱系条目。,src-allhistory-feng-gong-lineage
feng-gong--li-mingyu,feng-gong,li-mingyu,现仅见谱系条目。,src-allhistory-feng-gong-lineage
feng-gong--hou-linlin,feng-gong,hou-linlin,现仅见谱系条目。,src-allhistory-feng-gong-lineage
feng-gong--geng-qiang,feng-gong,geng-qiang,现仅见谱系条目。,src-allhistory-feng-gong-lineage
feng-gong--mo-hong,feng-gong,mo-hong,现仅见谱系条目。,src-allhistory-feng-gong-lineage
feng-gong--wang-tong,feng-gong,wang-tong,现仅见谱系条目。,src-allhistory-feng-gong-lineage
jiang-kun--tang-aiguo,jiang-kun,tang-aiguo,央视族谱列为马季→姜昆→唐爱国。,src-cctv-lineage-20070624
jiang-kun--qi-liqiang,jiang-kun,qi-liqiang,仅见谱系收录。,src-cctv-lineage-20070624
jiang-kun--liu-quanhe,jiang-kun,liu-quanhe,仅见谱系收录。,src-cctv-lineage-20070624
jiang-kun--liu-quanli,jiang-kun,liu-quanli,仅见谱系收录。,src-cctv-lineage-20070624
jiang-kun--liu-hui,jiang-kun,liu-hui,仅见谱系收录。,src-cctv-lineage-20070624
jiang-kun--lu-ming,jiang-kun,lu-ming,仅见谱系收录。,src-cctv-lineage-20070624
jiang-kun--sun-chen,jiang-kun,sun-chen,仅见谱系收录。,src-cctv-lineage-20070624
jiang-kun--deng-xiaolin,jiang-kun,deng-xiaolin,仅见谱系收录。,src-cctv-lineage-20070624
jiang-kun--xu-yong,jiang-kun,xu-yong,仅见谱系收录。,src-cctv-lineage-20070624
jiang-kun--zhao-weiguo,jiang-kun,zhao-weiguo,仅见谱系收录。,src-cctv-lineage-20070624
jiang-kun--baishua,jiang-kun,baishua,仅见谱系收录。,src-cctv-lineage-20070624
jiang-kun--li-danan,jiang-kun,li-danan,仅见谱系收录。,src-cctv-lineage-20070624
jiang-kun--xiao-wenlan,jiang-kun,xiao-wenlan,仅见谱系收录。,src-cctv-lineage-20070624
jiang-kun--ni-ming,jiang-kun,ni-ming,仅见谱系收录。,src-cctv-lineage-20070624
jiang-kun--xu-wen,jiang-kun,xu-wen,仅见谱系收录。,src-cctv-lineage-20070624
jiang-kun--guo-dan,jiang-kun,guo-dan,仅见谱系收录。,src-cctv-lineage-20070624
jiang-kun--cao-shuguang,jiang-kun,cao-shuguang,仅见谱系收录。,src-cctv-lineage-20070624
jiang-kun--xu-huimin,jiang-kun,xu-huimin,师承已确认。封面新闻及联合早报记2007年，旧资料记2006年12月；仪式年份有异说。,src-lidicity-maji-baishi-2006;src-cover-jiang-overseas-2019;src-zaobao-xu-2020
jiang-kun--qiu-shengyang,jiang-kun,qiu-shengyang,师承已确认。封面新闻及联合早报记2007年，旧资料记2006年12月；仪式年份有异说。,src-lidicity-maji-baishi-2006;src-cover-jiang-overseas-2019;src-zaobao-xu-2020
han-lancheng--fan-jun,han-lancheng,fan-jun,谱系+百科共识。,src-cctv-lineage-20070624;src-baike-han-lancheng
han-lancheng--yu-xiaofei,han-lancheng,yu-xiaofei,谱系+百科共识。,src-cctv-lineage-20070624;src-baike-han-lancheng
wang-qianxiang--guo-peixin,wang-qianxiang,guo-peixin,央视谱系有列，待补待确认资料。,src-cctv-lineage-20070624
ma-ji--chang-peiye,ma-ji,chang-peiye,公开谱系中出现，未检到单独拜师细节。,src-wiki-lineage
ma-ji--liu-xiyao,ma-ji,liu-xiyao,公开谱系中出现，未检到单独拜师细节。,src-wiki-lineage
ma-ji--peng-ziyi,ma-ji,peng-ziyi,公开谱系中出现，未检到单独拜师细节。,src-wiki-lineage
ma-ji--huang-zhiqiang,ma-ji,huang-zhiqiang,公开谱系中出现，未检到单独拜师细节。,src-wiki-lineage
ma-ji--yin-zhuolin,ma-ji,yin-zhuolin,公开谱系中出现，未检到单独拜师细节。,src-wiki-lineage
ma-ji--yao-xinguang,ma-ji,yao-xinguang,纪念特刊年谱及师徒页明确1990年5月15日在新山正式拜师。,src-wiki-lineage;src-yu-sinkong-memorial
ma-ji--li-guoxiu,ma-ji,li-guoxiu,公开谱系中出现，未检到单独拜师细节。,src-wiki-lineage
ma-ji--zhao-longjun,ma-ji,zhao-longjun,公开谱系中出现，未检到单独拜师细节。,src-wiki-lineage
ma-ji--xing-yingying,ma-ji,xing-yingying,公开谱系中出现，未检到单独拜师细节。,src-wiki-lineage
ma-ji--liu-lixin,ma-ji,liu-lixin,公开谱系中出现，未检到单独拜师细节。,src-wiki-lineage
ma-ji--hou-guannan,ma-ji,hou-guannan,公开谱系中出现，未检到单独拜师细节。,src-wiki-lineage
ma-ji--zhang-qing,ma-ji,zhang-qing,公开谱系中出现，未检到单独拜师细节。,src-wiki-lineage
zhang-shouchen--tian-lihe,zhang-shouchen,tian-lihe,1953年由富寿岩介绍正式拜师；1950年随杨少奎、富寿岩学习属早期指导。,src-tjl-tian-2010
liu-baorui--xing-wenzhao,liu-baorui,xing-wenzhao,讣告及人物条目记1961年拜师；两者可能同源，不视为独立档案双证。,src-deyunshe-xing-obit;src-xikao-xing
yang-haiquan--yang-zhenhua,yang-haiquan,yang-zhenhua,辽宁日报讣告明确1957年拜师；与金炳昶是搭档。,src-lnr-yang-obit-2026
yang-zhenhua--ji-yuan,yang-zhenhua,ji-yuan,纪元本人在2026年采访回忆2004年拜师。,src-lnr-yang-obit-2026
chen-yian--ye-yijun,chen-yian,ye-yijun,已确认相声师承；叶怡均另向田连元学评书，不混入本相声谱。,src-ncfta-ye-2020
wei-wenliang--zhu-degang,wei-wenliang,zhu-degang,国立传统艺术中心称台湾正式弟子；关系确认，拜师年份本次未核定。,src-ncfta-ye-2020
wu-zhaonan--jiang-nan,wu-zhaonan,jiang-nan,机构资料确认吴兆南入门弟子；本次未核定仪式年份。,src-ncfta-wu-disciples;src-nccu-crosstalk-2012
wu-zhaonan--hou-guanqun,wu-zhaonan,hou-guanqun,机构资料确认吴兆南入门弟子；本次未核定仪式年份。,src-ncfta-wu-disciples;src-nccu-crosstalk-2012
wu-zhaonan--lang-zuyun,wu-zhaonan,lang-zuyun,1999年正式拜师；两份机构资料分别记7月26日及8月26日，月日保留异说。,src-ncfta-wu-disciples;src-nccu-crosstalk-2012
wu-zhaonan--liu-zengkai,wu-zhaonan,liu-zengkai,1999年正式拜师；两份机构资料分别记7月26日及8月26日，月日保留异说。,src-ncfta-wu-disciples;src-nccu-crosstalk-2012
wu-zhaonan--liu-erjin,wu-zhaonan,liu-erjin,1999年正式拜师；两份机构资料分别记7月26日及8月26日，月日保留异说。,src-ncfta-wu-disciples;src-nccu-crosstalk-2012
wu-zhaonan--fan-guangyao,wu-zhaonan,fan-guangyao,1999年正式拜师；两份机构资料分别记7月26日及8月26日，月日保留异说。,src-ncfta-wu-disciples;src-nccu-crosstalk-2012
liu-zengkai--ji-tianyu,liu-zengkai,ji-tianyu,本师刘增锴；引师傅谛、代师叶怡均不是额外本师。,src-nccu-crosstalk-2012;src-ncfta-wu-disciples
wei-longhao--fu-di,wei-longhao,fu-di,官方节目明确魏龙豪正式弟子；年份未核定。,src-nccu-crosstalk-2012
wang-zhenquan--wu-siwei,wang-zhenquan,wu-siwei,2014年正式拜相声师王振全；京剧师承另属艺术门类。,src-ntt-wu-siwei
chen-yongquan--chen-qingsheng,chen-yongquan,chen-qingsheng,团方演员简介明确陈涌泉门下，仪式年份未核定。,src-ncaf-beiqu-30
liu-zengkai--shi-tiantian,liu-zengkai,shi-tiantian,2019年12月28日完成仪式；樊光耀任代传师，不另建本师边。,src-focus-shi-tiantiian-2019
ma-sanli--yu-baolin,ma-sanli,yu-baolin,天津日报親历文章确认亲传弟子，拜师年份本次未核定。,src-tjdaily-tong-2026
yu-baolin--tong-youwei,yu-baolin,tong-youwei,2000年共同正式拜师；李治邦亲历记述。,src-tjdaily-tong-2026
yu-baolin--ma-shuchun,yu-baolin,ma-shuchun,2000年共同正式拜师；李治邦亲历记述。,src-tjdaily-tong-2026
liu-baorui--wang-wenlin,liu-baorui,wang-wenlin,百科记师从刘宝瑞；本次未独立核实拜师仪式及年份，父亲王长友不因亲属关系另连本师。,src-wiki-wang-wenlin-2026
jiang-kun--huang-jiaqiang,jiang-kun,huang-jiaqiang,2019年2月21日在北京举行正式拜师仪式。,src-cover-jiang-overseas-2019
jiang-kun--yan-guijuan,jiang-kun,yan-guijuan,2019年2月21日在北京举行正式拜师仪式。,src-cover-jiang-overseas-2019
xu-huimin--li-yaoguang,xu-huimin,li-yaoguang,弟子身份有官方节目与采访支持；本次未核定具体仪式年份。,src-sccc-xu-2022;src-zaobao-xu-2020
yao-xinguang--su-weisheng,yao-xinguang,su-weisheng,纪念特刊记1999年12月15日收徒；其他资料2000年说法待核，师承身份明确。,src-yu-sinkong-memorial
yao-xinguang--ji-qingrong,yao-xinguang,ji-qingrong,纪念特刊记1999年12月15日收徒；其他资料2000年说法待核，师承身份明确。,src-yu-sinkong-memorial
liu-zengkai--ai-tianyi,liu-zengkai,ai-tianyi,人物采访明确弟子身份，拜师年份未核定。,src-udn-liu-disciples-2019
liu-zengkai--qiao-tianlan,liu-zengkai,qiao-tianlan,人物采访明确弟子身份，拜师年份未核定。,src-udn-liu-disciples-2019
hou-guanqun--wu-yongfeng,hou-guanqun,wu-yongfeng,官方节目师承栏明确侯冠群；吴兆南入门弟子是宽泛称谓，不另建直接本师。,src-miaobei-wu-yongfeng
chen-yian--wang-zhenquan,chen-yian,wang-zhenquan,本人提供的拜师照片说明明确陈逸安；年份此来源未载。,src-more-wang-2026
hou-guanqun--yuan-xiaoting,hou-guanqun,yuan-xiaoting,2010年8月19日现场拜师报道。,src-tvbs-yuan-2010
chang-baohua--feng-yigang,chang-baohua,feng-yigang,百科生平明确2002年在北京拜师；本次未独立核定仪式月日。,src-wiki-feng-2026
chang-baohua--song-shaoqing,chang-baohua,song-shaoqing,百科生平明确2002年在北京拜师；本次未独立核定仪式月日。,src-wiki-song-2026
zhang-shouchen--yuan-peilou,zhang-shouchen,yuan-peilou,传记明确親传弟子，拜师年份未核定。,src-zcst-zhang-2015
zhang-shouchen--dai-shaofu,zhang-shouchen,dai-shaofu,传记明确親传弟子，拜师年份未核定。,src-zcst-zhang-2015
zhang-shouchen--feng-lizhang,zhang-shouchen,feng-lizhang,传记明确親传弟子，拜师年份未核定。,src-zcst-zhang-2015
zhang-shouchen--zhao-liwu,zhang-shouchen,zhao-liwu,陈笑暇传记明确张门弟子，仪式年份未核定。,src-jinwan-zhang-2004
zhang-shouchen--yu-shide,zhang-shouchen,yu-shide,陈笑暇传记明确张门弟子，仪式年份未核定。,src-jinwan-zhang-2004
zhang-shouchen--kang-liben,zhang-shouchen,kang-liben,陈笑暇传记明确张门弟子，仪式年份未核定。,src-jinwan-zhang-2004
zhang-shouchen--ye-dushen,zhang-shouchen,ye-dushen,陈笑暇传记明确张门弟子，仪式年份未核定。,src-jinwan-zhang-2004
bai-quanfu--fang-guoqun,bai-quanfu,fang-guoqun,现场祭拜报道明确弟子身份，仪式年份未核定。,src-enorth-bai-2012
bai-quanfu--zhang-wenqi,bai-quanfu,zhang-wenqi,现场祭拜报道明确弟子身份，仪式年份未核定。,src-enorth-bai-2012
bai-quanfu--song-yong,bai-quanfu,song-yong,现场报道明确白全福弟子；1979拜师及别名宋福生暂待可读来源复核。,src-enorth-bai-2012;src-quyi-2014-apprentices
li-shouzeng--wang-shutian,li-shouzeng,wang-shutian,中国相声史正文明确1929年正式拜师；张杰尧是指导及合作，不另建本师。,src-chaoxing-liuhuo
yu-junbo--bai-quanfu,yu-junbo,bai-quanfu,北方网简介明确18岁正式拜于俊波；不从年龄反推精确仪式年份。,src-enorth-bai-2012
yang-shaokui--liu-lanting,yang-shaokui,liu-lanting,《曲艺》2014年摘要记2007年由刘文步代师收徒；代师与本师分别记录。,src-quyi-2014-apprentices
bai-quanfu--yang-zhigang,bai-quanfu,yang-zhigang,报道明确为长徒，姓名为杨志刚；不按未核实杨志光写法另建人物。,src-enorth-bai-2012
